game_id,player_id,team_id,timeOnIce,goals,assists,shots,hits,powerPlayGoals,powerPlayAssists,penaltyMinutes,faceOffWins,faceoffTaken,takeaways,giveaways,shortHandedGoals,shortHandedAssists,blocked,plusMinus,evenTimeOnIce,shortHandedTimeOnIce,powerPlayTimeOnIce,gameNumber
2005020004,8471214,15,1056,2,0,5,NA,1,0,2,0,0,NA,NA,0,0,NA,1,623,55,378,1
2005020020,8471214,15,1064,0,1,1,NA,0,1,0,0,0,NA,NA,0,0,NA,-2,614,16,434,2
2005020029,8471214,15,981,0,1,3,NA,0,1,4,0,0,NA,NA,0,0,NA,0,481,50,450,3
2005020042,8471214,15,903,1,0,6,NA,1,0,2,0,0,NA,NA,0,0,NA,1,611,20,272,4
2005020054,8471214,15,833,1,0,6,NA,0,0,0,0,0,NA,NA,0,0,NA,0,534,27,272,5
2005020060,8471214,15,1519,0,1,5,NA,0,0,0,0,0,NA,NA,0,0,NA,-1,1090,12,417,6
2005020083,8471214,15,1217,0,1,2,NA,0,0,0,0,0,NA,NA,0,0,NA,1,998,18,201,7
2005020101,8471214,15,1200,2,0,10,NA,0,0,0,0,0,NA,NA,0,0,NA,1,1026,33,141,8
2005020115,8471214,15,1075,0,0,2,NA,0,0,0,0,0,NA,NA,0,0,NA,0,710,44,321,9
2005020138,8471214,15,1056,0,1,5,NA,0,1,0,0,0,NA,NA,0,0,NA,0,538,0,518,10
2005020155,8471214,15,1324,2,0,4,NA,0,0,0,0,0,NA,NA,1,0,NA,0,768,221,335,11
2005020165,8471214,15,1133,0,0,4,NA,0,0,0,0,0,NA,NA,0,0,NA,0,755,6,372,12
2005020192,8471214,15,1399,0,0,7,NA,0,0,0,0,2,NA,NA,0,0,NA,-2,737,256,406,13
2005020200,8471214,15,1340,0,0,7,NA,0,0,2,0,0,NA,NA,0,0,NA,1,870,51,419,14
2005020218,8471214,15,1062,2,0,8,NA,2,0,0,0,0,NA,NA,0,0,NA,-1,412,18,632,15
2005020226,8471214,15,1258,2,0,7,NA,1,0,4,0,0,NA,NA,0,0,NA,-2,870,2,386,16
2005020245,8471214,15,1164,1,0,5,NA,0,0,0,0,0,NA,NA,0,0,NA,0,875,20,269,17
2005020252,8471214,15,1155,0,0,3,NA,0,0,0,0,0,NA,NA,0,0,NA,0,731,61,363,18
2005020272,8471214,15,1362,1,0,9,NA,0,0,0,0,1,NA,NA,0,0,NA,0,968,52,342,19
2005020285,8471214,15,1318,1,1,7,NA,1,0,2,0,0,NA,NA,0,0,NA,-1,742,133,443,20
2005020299,8471214,15,1075,0,0,5,NA,0,0,0,0,0,NA,NA,0,0,NA,1,641,54,380,21
2005020319,8471214,15,1517,0,1,4,NA,0,0,0,1,1,NA,NA,0,0,NA,1,1185,98,234,22
2005020324,8471214,15,1207,0,1,0,NA,0,1,0,0,0,NA,NA,0,0,NA,-2,731,78,398,23
2005020349,8471214,15,1470,0,1,9,NA,0,0,0,0,1,NA,NA,0,0,NA,0,1036,2,432,24
2005020358,8471214,15,1262,0,1,4,NA,0,1,0,0,2,NA,NA,0,0,NA,-1,636,21,605,25
2005020364,8471214,15,932,1,3,1,NA,0,1,0,0,0,NA,NA,0,0,NA,3,635,16,281,26
2005020410,8471214,15,1388,1,0,6,NA,1,0,2,0,0,NA,NA,0,0,NA,-1,683,0,705,27
2005020423,8471214,15,1410,1,1,6,NA,1,0,0,0,0,NA,NA,0,0,NA,0,843,41,526,28
2005020455,8471214,15,1110,0,2,3,NA,0,2,0,0,1,NA,NA,0,0,NA,1,619,7,484,29
2005020468,8471214,15,1366,0,0,2,NA,0,0,0,0,0,NA,NA,0,0,NA,0,1079,58,229,30
2005020482,8471214,15,1156,0,0,5,NA,0,0,0,0,0,NA,NA,0,0,NA,0,832,0,324,31
2005020506,8471214,15,1245,1,3,8,NA,1,1,2,0,0,NA,NA,0,0,NA,1,909,4,332,32
2005020512,8471214,15,1232,1,0,5,NA,0,0,0,0,0,NA,NA,0,0,NA,1,778,60,394,33
2005020536,8471214,15,1259,1,1,2,NA,0,1,0,0,0,NA,NA,0,0,NA,0,800,80,379,34
2005020545,8471214,15,1232,1,0,2,NA,1,0,0,0,0,NA,NA,0,0,NA,-1,870,209,153,35
2005020566,8471214,15,1497,1,1,7,NA,1,0,0,0,0,NA,NA,0,0,NA,0,696,118,683,36
2005020575,8471214,15,1307,1,1,5,NA,0,1,2,0,0,NA,NA,0,0,NA,1,973,85,249,37
2005020592,8471214,15,1380,0,0,3,NA,0,0,2,0,0,NA,NA,0,0,NA,-2,911,87,382,38
2005020605,8471214,15,1616,1,0,2,NA,1,0,0,0,0,NA,NA,0,0,NA,-2,943,45,628,39
2005020622,8471214,15,1623,0,2,5,NA,0,1,0,0,0,NA,NA,0,0,NA,0,931,26,666,40
2005020632,8471214,15,1466,1,1,6,NA,0,0,0,0,0,NA,NA,0,0,NA,1,961,4,501,41
2005020649,8471214,15,1416,1,0,8,NA,0,0,2,0,0,NA,NA,0,0,NA,-1,815,61,540,42
2005020655,8471214,15,1155,3,0,4,NA,0,0,2,1,1,NA,NA,0,0,NA,2,1035,17,103,43
2005020670,8471214,15,1038,2,1,10,NA,1,1,2,0,0,NA,NA,0,0,NA,1,662,20,356,44
2005020686,8471214,15,1441,1,1,5,NA,0,1,0,0,0,NA,NA,0,0,NA,2,1035,85,321,45
2005020707,8471214,15,1034,0,2,6,NA,0,1,0,0,0,NA,NA,0,0,NA,1,486,49,499,46
2005020716,8471214,15,1502,0,0,2,NA,0,0,0,0,0,NA,NA,0,0,NA,0,1098,7,397,47
2005020735,8471214,15,1406,1,0,5,NA,1,0,0,0,0,NA,NA,0,0,NA,0,542,5,859,48
2005020738,8471214,15,1584,0,1,7,NA,0,1,0,0,0,NA,NA,0,0,NA,0,1043,66,475,49
2005020763,8471214,15,1112,0,1,3,NA,0,0,0,0,0,NA,NA,0,0,NA,0,944,22,146,50
2005020794,8471214,15,1303,0,1,2,NA,0,0,6,0,0,NA,NA,0,0,NA,2,1045,0,258,51
2005020807,8471214,15,1414,0,0,6,NA,0,0,0,0,1,NA,NA,0,0,NA,-1,833,192,389,52
2005020819,8471214,15,1317,0,0,10,NA,0,0,0,0,1,NA,NA,0,0,NA,-2,1112,143,62,53
2005020842,8471214,15,1354,1,1,11,NA,1,1,0,0,0,NA,NA,0,0,NA,-1,738,143,473,54
2005020855,8471214,15,1411,1,0,8,NA,0,0,6,0,1,NA,NA,1,0,NA,0,846,251,314,55
2005020866,8471214,15,1150,1,0,6,NA,1,0,0,0,0,NA,NA,0,0,NA,0,649,16,485,56
2005020882,8471214,15,1234,1,0,5,NA,0,0,0,0,0,NA,NA,1,0,NA,-1,940,33,261,57
2005020897,8471214,15,1317,1,1,7,NA,1,1,2,0,0,NA,NA,0,0,NA,0,771,11,535,58
2005020911,8471214,15,1007,2,1,7,NA,0,1,0,0,0,NA,NA,0,0,NA,1,701,0,306,59
2005020926,8471214,15,1330,1,2,10,NA,1,1,0,0,0,NA,NA,0,0,NA,1,498,5,827,60
2005020938,8471214,15,1407,0,0,1,NA,0,0,0,0,1,NA,NA,0,0,NA,-2,1009,0,398,61
2005020953,8471214,15,1467,0,0,1,NA,0,0,2,0,1,NA,NA,0,0,NA,2,1048,41,378,62
2005020967,8471214,15,1240,1,2,3,NA,1,1,0,0,0,NA,NA,0,0,NA,0,801,31,408,63
2005020980,8471214,15,1483,0,0,5,NA,0,0,0,0,0,NA,NA,0,0,NA,0,966,0,517,64
2005020997,8471214,15,1350,0,2,8,NA,0,0,0,0,0,NA,NA,0,0,NA,1,894,2,454,65
2005021011,8471214,15,1166,1,0,4,NA,1,0,0,0,0,NA,NA,0,0,NA,-1,777,16,373,66
2005021029,8471214,15,1664,0,1,3,NA,0,0,0,0,1,NA,NA,0,0,NA,1,1104,57,503,67
2005021034,8471214,15,1550,2,1,13,NA,0,1,0,0,0,NA,NA,0,0,NA,2,1038,0,512,68
2005021050,8471214,15,1345,1,1,4,NA,0,1,0,0,0,NA,NA,0,0,NA,1,839,0,506,69
2005021077,8471214,15,1132,1,0,8,NA,1,0,0,0,0,NA,NA,0,0,NA,0,887,38,207,70
2005021083,8471214,15,1457,0,2,5,NA,0,1,2,0,0,NA,NA,0,0,NA,-1,922,20,515,71
2005021099,8471214,15,1432,0,1,6,NA,0,1,0,0,0,NA,NA,0,0,NA,0,1221,11,200,72
2005021111,8471214,15,1681,0,1,4,NA,0,1,0,0,0,NA,NA,0,0,NA,-1,1031,126,524,73
2005021126,8471214,15,1742,0,2,5,NA,0,1,2,0,0,NA,NA,0,0,NA,0,1167,0,575,74
2005021141,8471214,15,1461,0,1,12,NA,0,1,0,0,0,NA,NA,0,0,NA,-1,836,126,499,75
2005021152,8471214,15,1179,0,0,3,NA,0,0,2,0,0,NA,NA,0,0,NA,-1,880,105,194,76
2005021165,8471214,15,1400,1,0,4,NA,0,0,0,0,0,NA,NA,0,0,NA,1,1026,0,374,77
2005021185,8471214,15,1422,1,1,3,NA,0,1,0,0,1,NA,NA,0,0,NA,0,900,0,522,78
2005021207,8471214,15,1550,1,0,5,NA,0,0,0,0,0,NA,NA,0,0,NA,1,1189,4,357,79
2005021215,8471214,15,1209,1,1,6,NA,0,1,0,0,0,NA,NA,0,0,NA,-1,746,3,460,80
2005021228,8471214,15,1051,0,1,4,NA,0,1,0,0,0,NA,NA,0,0,NA,0,738,58,255,81
2006020005,8471214,15,1441,0,0,3,NA,0,0,2,0,0,NA,NA,0,0,NA,-4,968,0,473,82
2006020022,8471214,15,1301,2,0,15,NA,1,0,0,0,0,NA,NA,0,0,NA,2,824,6,471,83
2006020051,8471214,15,1247,0,1,6,NA,0,0,0,0,0,NA,NA,0,0,NA,1,852,10,385,84
2006020063,8471214,15,1254,0,1,6,NA,0,0,0,0,0,NA,NA,0,0,NA,0,833,0,421,85
2006020085,8471214,15,1176,0,0,4,NA,0,0,0,0,0,NA,NA,0,0,NA,1,823,7,346,86
2006020092,8471214,15,1481,1,1,7,NA,0,0,0,0,0,NA,NA,0,0,NA,2,1145,5,331,87
2006020110,8471214,15,1361,1,0,5,NA,1,0,0,0,0,NA,NA,0,0,NA,-2,1136,19,206,88
2006020133,8471214,15,1033,1,0,4,NA,1,0,0,0,0,NA,NA,0,0,NA,-1,785,0,248,89
2006020146,8471214,15,1397,1,1,2,NA,0,1,2,0,0,NA,NA,0,0,NA,0,1021,12,364,90
2006020155,8471214,15,1283,0,0,4,NA,0,0,0,0,0,NA,NA,0,0,NA,-2,1070,14,199,91
2006020165,8471214,15,1272,0,2,9,NA,0,1,0,0,0,NA,NA,0,0,NA,1,974,1,297,92
2006020188,8471214,15,1480,0,2,4,NA,0,1,0,0,0,NA,NA,0,0,NA,-1,1024,0,456,93
2006020197,8471214,15,1109,2,0,2,NA,0,0,0,0,0,NA,NA,0,0,NA,2,676,0,433,94
2006020205,8471214,15,1308,2,0,8,NA,1,0,0,0,0,NA,NA,0,0,NA,0,1036,0,272,95
2006020222,8471214,15,1067,0,0,4,NA,0,0,0,0,0,NA,NA,0,0,NA,0,770,0,297,96
2006020238,8471214,15,1178,1,0,3,NA,0,0,0,0,0,NA,NA,0,0,NA,1,673,0,505,97
2006020252,8471214,15,1180,1,1,5,NA,0,1,0,0,0,NA,NA,0,0,NA,1,902,0,278,98
2006020260,8471214,15,1494,0,1,6,NA,0,1,2,0,1,NA,NA,0,0,NA,-1,936,0,558,99
2006020273,8471214,15,1128,0,0,3,NA,0,0,0,0,0,NA,NA,0,0,NA,-1,739,0,389,100
2006020283,8471214,15,1492,1,0,6,NA,1,0,2,0,0,NA,NA,0,0,NA,0,1062,31,399,101
2006020310,8471214,15,1211,0,0,6,NA,0,0,2,0,0,NA,NA,0,0,NA,-2,1071,29,111,102
2006020327,8471214,15,1046,1,0,5,NA,1,0,0,0,0,NA,NA,0,0,NA,-2,713,0,333,103
2006020336,8471214,15,1523,1,0,7,NA,1,0,0,0,0,NA,NA,0,0,NA,-1,1028,16,479,104
2006020355,8471214,15,1028,1,1,3,NA,0,0,0,0,0,NA,NA,0,0,NA,1,847,0,181,105
2006020364,8471214,15,959,0,0,4,NA,0,0,0,0,0,NA,NA,0,0,NA,0,817,3,139,106
2006020386,8471214,15,573,1,0,2,NA,0,0,20,0,0,NA,NA,0,0,NA,1,317,0,256,107
2006020405,8471214,15,1254,0,3,10,NA,0,1,0,0,0,NA,NA,0,0,NA,2,849,0,405,108
2006020420,8471214,15,1686,0,1,6,NA,0,1,2,0,0,NA,NA,0,0,NA,-4,1298,11,377,109
2006020428,8471214,15,1237,1,2,3,NA,0,0,2,0,0,NA,NA,0,0,NA,2,858,22,357,110
2006020441,8471214,15,1562,0,2,7,NA,0,0,0,0,0,NA,NA,0,0,NA,2,1109,0,453,111
2006020471,8471214,15,1184,3,0,12,NA,2,0,0,0,0,NA,NA,0,0,NA,0,820,0,364,112
2006020480,8471214,15,1225,1,2,4,NA,0,0,0,0,0,NA,NA,0,0,NA,2,818,3,404,113
2006020496,8471214,15,1300,1,1,3,NA,0,0,0,0,0,NA,NA,0,0,NA,2,1142,0,158,114
2006020516,8471214,15,1256,0,0,5,NA,0,0,0,0,0,NA,NA,0,0,NA,-1,804,88,364,115
2006020523,8471214,15,1186,1,1,4,NA,1,1,0,0,0,NA,NA,0,0,NA,-1,864,20,302,116
2006020535,8471214,15,1267,1,0,6,NA,0,0,2,2,2,NA,NA,0,0,NA,-1,784,154,329,117
2006020547,8471214,15,1248,0,1,5,NA,0,1,0,0,0,NA,NA,0,0,NA,-2,874,0,374,118
2006020561,8471214,15,1320,0,1,2,NA,0,0,0,0,0,NA,NA,0,0,NA,1,951,73,296,119
2006020572,8471214,15,1203,0,0,7,NA,0,0,0,0,0,NA,NA,0,0,NA,-3,688,71,444,120
2006020585,8471214,15,1543,0,1,7,NA,0,1,0,0,0,NA,NA,0,0,NA,0,1030,0,513,121
2006020603,8471214,15,1104,0,3,7,NA,0,1,4,0,0,NA,NA,0,0,NA,2,808,0,296,122
2006020621,8471214,15,1535,1,1,7,NA,1,1,0,0,0,NA,NA,0,0,NA,0,870,0,665,123
2006020636,8471214,15,1071,2,1,5,NA,0,1,0,0,0,NA,NA,0,0,NA,1,862,0,209,124
2006020655,8471214,15,1130,0,2,6,NA,0,1,0,0,1,NA,NA,0,0,NA,-2,1056,0,74,125
2006020674,8471214,15,1097,0,1,3,NA,0,1,0,0,0,NA,NA,0,0,NA,-2,980,3,114,126
2006020689,8471214,15,1364,0,1,5,NA,0,0,2,0,0,NA,NA,0,0,NA,0,1110,11,243,127
2006020702,8471214,15,1240,1,0,6,NA,0,0,0,0,1,NA,NA,0,0,NA,2,1043,0,197,128
2006020717,8471214,15,1266,0,1,2,NA,0,1,2,0,0,NA,NA,0,0,NA,-2,829,26,411,129
2006020728,8471214,15,1327,1,0,4,NA,1,0,2,0,0,NA,NA,0,0,NA,-3,826,6,495,130
2006020743,8471214,15,1069,1,1,2,NA,1,0,0,0,0,NA,NA,0,0,NA,-1,706,4,359,131
2006020760,8471214,15,1617,1,0,7,NA,0,0,0,0,0,NA,NA,0,0,NA,0,1075,31,511,132
2006020776,8471214,15,1292,1,0,3,NA,0,0,0,0,0,NA,NA,0,0,NA,-1,590,15,687,133
2006020785,8471214,15,1441,0,0,3,NA,0,0,0,0,0,NA,NA,0,0,NA,-2,1080,0,361,134
2006020798,8471214,15,1277,0,0,2,NA,0,0,2,0,0,NA,NA,0,0,NA,-1,1052,7,218,135
2006020801,8471214,15,1058,0,0,2,NA,0,0,2,0,0,NA,NA,0,0,NA,0,804,0,254,136
2006020821,8471214,15,1330,0,1,2,NA,0,0,0,0,0,NA,NA,0,0,NA,3,966,0,364,137
2006020837,8471214,15,1504,1,0,6,NA,1,0,0,0,0,NA,NA,0,0,NA,-1,1224,0,280,138
2006020867,8471214,15,1508,0,0,6,NA,0,0,0,0,0,NA,NA,0,0,NA,0,1248,0,260,139
2006020886,8471214,15,1184,0,0,5,NA,0,0,0,0,0,NA,NA,0,0,NA,-1,897,0,287,140
2006020898,8471214,15,1127,0,0,3,NA,0,0,0,0,0,NA,NA,0,0,NA,-2,858,1,268,141
2006020906,8471214,15,1405,0,0,2,NA,0,0,0,0,0,NA,NA,0,0,NA,1,1145,0,260,142
2006020923,8471214,15,1120,0,1,4,NA,0,0,0,1,1,NA,NA,0,0,NA,-1,850,0,270,143
2006020933,8471214,15,1203,1,0,3,NA,0,0,0,1,2,NA,NA,0,0,NA,0,1130,0,73,144
2006020945,8471214,15,1593,2,2,6,NA,0,2,0,0,0,NA,NA,0,0,NA,2,1253,4,336,145
2006020960,8471214,15,1471,1,1,5,NA,0,1,0,0,0,NA,NA,0,0,NA,-2,954,0,517,146
2006020978,8471214,15,1581,0,0,2,NA,0,0,0,2,4,NA,NA,0,0,NA,-1,950,45,586,147
2006020994,8471214,15,1482,0,0,5,NA,0,0,0,1,2,NA,NA,0,0,NA,-1,1082,18,382,148
2006021014,8471214,15,1380,0,0,7,NA,0,0,0,0,1,NA,NA,0,0,NA,-1,1074,7,299,149
2006021024,8471214,15,1282,1,0,10,NA,0,0,0,0,0,NA,NA,0,0,NA,0,930,11,341,150
2006021036,8471214,15,1533,2,0,3,NA,1,0,0,0,0,NA,NA,0,0,NA,-1,1203,0,330,151
2006021053,8471214,15,1419,0,1,3,NA,0,1,0,0,0,NA,NA,0,0,NA,0,1062,9,348,152
2006021063,8471214,15,1189,0,0,5,NA,0,0,2,0,0,NA,NA,0,0,NA,1,685,5,499,153
2006021080,8471214,15,956,0,0,3,NA,0,0,0,0,0,NA,NA,0,0,NA,1,877,0,79,154
2006021096,8471214,15,1078,0,0,3,NA,0,0,0,0,0,NA,NA,0,0,NA,-1,819,39,220,155
2006021103,8471214,15,1278,2,0,3,NA,0,0,0,0,0,NA,NA,0,0,NA,0,1107,113,58,156
2006021121,8471214,15,1230,0,0,2,NA,0,0,0,0,0,NA,NA,0,0,NA,-2,813,0,417,157
2006021134,8471214,15,1411,0,1,4,NA,0,0,0,0,1,NA,NA,0,0,NA,2,1084,0,327,158
2006021161,8471214,15,1364,0,2,2,NA,0,1,0,0,0,NA,NA,0,0,NA,1,891,30,443,159
2006021172,8471214,15,1292,0,0,3,NA,0,0,0,0,0,NA,NA,0,0,NA,-2,1141,0,151,160
2006021184,8471214,15,1287,1,0,5,NA,0,0,0,0,0,NA,NA,0,0,NA,1,1039,0,248,161
2006021196,8471214,15,1183,2,0,4,NA,1,0,0,0,0,NA,NA,0,0,NA,-1,948,0,235,162
2006021214,8471214,15,1459,0,0,8,NA,0,0,0,1,1,NA,NA,0,0,NA,0,1192,0,267,163
2007020018,8471214,15,1235,0,1,6,NA,0,0,0,0,1,NA,NA,0,0,NA,1,853,21,361,164
2007020025,8471214,15,1144,1,0,6,NA,0,0,0,0,0,NA,NA,0,0,NA,1,884,8,252,165
2007020036,8471214,15,1202,0,1,0,NA,0,0,0,0,0,NA,NA,0,0,NA,0,812,2,388,166
2007020057,8471214,15,1351,1,0,7,NA,1,0,2,0,0,NA,NA,0,0,NA,0,1061,8,282,167
2007020063,8471214,15,1103,1,0,3,NA,1,0,0,0,0,NA,NA,0,0,NA,-1,827,0,276,168
2007020091,8471214,15,1459,1,0,7,NA,0,0,0,0,0,NA,NA,0,0,NA,0,953,0,506,169
2007020108,8471214,15,1329,0,0,8,NA,0,0,2,0,0,NA,NA,0,0,NA,0,1054,0,275,170
2007020126,8471214,15,1270,1,2,6,NA,0,0,0,0,0,NA,NA,0,0,NA,1,1030,5,235,171
2007020140,8471214,15,1394,1,1,4,NA,1,1,0,0,0,NA,NA,0,0,NA,0,1052,3,339,172
2007020154,8471214,15,1541,0,2,3,NA,0,0,0,0,0,NA,NA,0,0,NA,0,1007,0,534,173
2007020161,8471214,15,1244,2,0,7,NA,1,0,0,0,0,NA,NA,0,0,NA,1,762,0,482,174
2007020174,8471214,15,1397,0,0,6,NA,0,0,0,0,0,NA,NA,0,0,NA,0,975,0,422,175
2007020183,8471214,15,1172,1,0,5,NA,1,0,0,0,0,NA,NA,0,0,NA,0,1057,0,115,176
2007020204,8471214,15,1327,0,0,5,NA,0,0,2,0,0,NA,NA,0,0,NA,0,905,0,422,177
2007020211,8471214,15,1245,0,0,2,NA,0,0,0,0,0,NA,NA,0,0,NA,-1,927,0,318,178
2007020225,8471214,15,1286,1,1,10,NA,0,0,0,0,0,NA,NA,0,0,NA,2,973,0,313,179
2007020239,8471214,15,1489,1,0,6,NA,0,0,0,0,0,NA,NA,0,0,NA,-1,1221,36,232,180
2007020266,8471214,15,1550,1,0,7,NA,0,0,0,0,0,NA,NA,0,0,NA,0,1095,13,442,181
2007020274,8471214,15,1764,1,0,9,NA,0,0,0,0,0,NA,NA,0,0,NA,0,1296,73,395,182
2007020292,8471214,15,1530,0,1,5,NA,0,1,0,0,0,NA,NA,0,0,NA,-1,1254,0,276,183
2007020302,8471214,15,1581,1,0,6,NA,1,0,0,0,0,NA,NA,0,0,NA,-2,1067,0,514,184
2007020316,8471214,15,1403,0,1,4,NA,0,0,0,0,0,NA,NA,0,0,NA,1,1082,54,267,185
2007020328,8471214,15,1171,2,0,6,NA,1,0,0,0,0,NA,NA,0,0,NA,0,999,0,172,186
2007020343,8471214,15,1410,1,0,9,NA,0,0,0,0,0,NA,NA,0,0,NA,0,1110,9,291,187
2007020351,8471214,15,1809,0,0,11,NA,0,0,0,1,1,NA,NA,0,0,NA,1,1236,0,573,188
2007020365,8471214,15,1545,2,1,6,NA,2,0,0,0,0,NA,NA,0,0,NA,-1,1007,30,508,189
2007020377,8471214,15,1334,1,1,7,NA,0,0,4,0,0,NA,NA,0,0,NA,2,1121,13,200,190
2007020412,8471214,15,1569,0,1,5,NA,0,0,0,0,0,NA,NA,0,0,NA,2,1089,43,437,191
2007020423,8471214,15,1214,1,1,5,NA,0,0,0,0,0,NA,NA,0,0,NA,3,875,0,339,192
2007020435,8471214,15,1443,0,1,1,NA,0,0,0,0,0,NA,NA,0,0,NA,1,1257,11,175,193
2007020447,8471214,15,1650,1,0,5,NA,0,0,0,0,0,NA,NA,0,0,NA,0,1177,13,460,194
2007020463,8471214,15,1302,1,0,6,NA,1,0,2,0,0,NA,NA,0,0,NA,-2,926,17,359,195
2007020475,8471214,15,1262,0,0,7,NA,0,0,2,0,0,NA,NA,0,0,NA,-2,879,1,382,196
2007020485,8471214,15,1568,1,0,5,NA,1,0,0,0,1,NA,NA,0,0,NA,-1,1066,0,502,197
2007020503,8471214,15,1339,0,1,5,NA,0,1,2,0,0,NA,NA,0,0,NA,-3,1002,0,337,198
2007020519,8471214,15,1440,1,0,2,NA,0,0,0,0,0,NA,NA,0,0,NA,0,1237,0,203,199
2007020539,8471214,15,1374,0,1,3,NA,0,0,2,0,0,NA,NA,0,0,NA,0,1040,0,334,200
2007020548,8471214,15,1015,1,0,2,NA,0,0,2,0,0,NA,NA,0,0,NA,2,874,0,141,201
2007020562,8471214,15,1281,4,1,5,NA,1,0,0,0,0,NA,NA,0,0,NA,2,850,0,431,202
2007020585,8471214,15,1365,0,2,3,NA,0,1,0,1,1,NA,NA,0,0,NA,1,1116,0,249,203
2007020595,8471214,15,1407,0,0,4,NA,0,0,0,0,0,NA,NA,0,0,NA,0,1037,3,367,204
2007020609,8471214,15,1433,2,0,5,NA,1,0,2,0,0,NA,NA,0,0,NA,0,1128,0,305,205
2007020638,8471214,15,1250,0,0,5,NA,0,0,0,0,0,NA,NA,0,0,NA,0,916,9,325,206
2007020666,8471214,15,1535,1,1,6,NA,0,0,0,0,0,NA,NA,0,0,NA,1,1110,6,419,207
2007020676,8471214,15,1441,1,0,3,NA,1,0,0,0,0,NA,NA,0,0,NA,0,1039,8,394,208
2007020691,8471214,15,1468,1,1,5,NA,0,1,0,0,0,NA,NA,0,0,NA,2,1003,0,465,209
2007020711,8471214,15,1132,1,1,9,NA,1,1,0,0,0,NA,NA,0,0,NA,0,942,0,190,210
2007020725,8471214,15,1728,2,1,11,NA,1,0,0,0,0,NA,NA,0,0,NA,1,1130,4,594,211
2007020738,8471214,15,1418,1,0,8,NA,0,0,0,0,0,NA,NA,0,0,NA,1,1061,3,354,212
2007020745,8471214,15,1221,0,2,2,NA,0,1,0,0,0,NA,NA,0,0,NA,0,1005,2,214,213
2007020761,8471214,15,1329,0,0,4,NA,0,0,0,0,0,NA,NA,0,0,NA,-1,1166,36,127,214
2007020773,8471214,15,1492,4,1,6,NA,0,0,0,0,0,NA,NA,0,0,NA,4,1204,45,243,215
2007020789,8471214,15,1366,0,0,7,NA,0,0,0,0,0,NA,NA,0,0,NA,-2,1241,9,116,216
2007020805,8471214,15,1319,2,0,10,NA,0,0,0,0,1,NA,NA,0,0,NA,0,1096,5,218,217
2007020814,8471214,15,1097,1,0,4,NA,0,0,2,0,1,NA,NA,0,0,NA,0,984,0,113,218
2007020828,8471214,15,1676,0,0,4,NA,0,0,0,0,1,NA,NA,0,0,NA,-1,1028,28,620,219
2007020844,8471214,15,1290,1,2,4,NA,1,1,0,0,0,NA,NA,0,0,NA,1,1040,10,240,220
2007020863,8471214,15,1525,1,1,6,NA,0,0,0,1,2,NA,NA,0,0,NA,1,1296,9,220,221
2007020876,8471214,15,1465,0,0,4,NA,0,0,0,1,1,NA,NA,0,0,NA,-2,1099,5,361,222
2007020886,8471214,15,1312,0,0,5,NA,0,0,0,0,1,NA,NA,0,0,NA,-1,968,0,344,223
2007020913,8471214,15,1515,0,0,1,NA,0,0,0,0,1,NA,NA,0,0,NA,-2,1209,0,306,224
2007020933,8471214,15,1383,0,3,8,NA,0,2,0,0,1,NA,NA,0,0,NA,0,1002,68,313,225
2007020943,8471214,15,1560,0,1,4,NA,0,0,0,1,1,NA,NA,0,0,NA,1,1302,0,258,226
2007020952,8471214,15,1415,0,0,4,NA,0,0,0,0,2,NA,NA,0,0,NA,-1,1246,2,167,227
2007020971,8471214,15,1345,0,1,2,NA,0,0,0,0,0,NA,NA,0,0,NA,1,1129,7,209,228
2007020982,8471214,15,1497,1,1,4,NA,0,0,0,0,0,NA,NA,0,0,NA,2,938,0,559,229
2007020995,8471214,15,1126,3,2,5,NA,1,1,2,0,0,NA,NA,0,0,NA,3,675,8,443,230
2007021008,8471214,15,1205,2,0,4,NA,0,0,2,0,0,NA,NA,0,0,NA,3,1205,0,0,231
2007021028,8471214,15,1352,0,1,3,NA,0,1,0,0,0,NA,NA,0,0,NA,0,988,77,287,232
2007021038,8471214,15,1522,0,2,10,NA,0,2,0,1,1,NA,NA,0,0,NA,-2,905,23,594,233
2007021058,8471214,15,1467,2,0,11,NA,2,0,0,0,0,NA,NA,0,0,NA,1,823,3,641,234
2007021071,8471214,15,1060,1,1,7,NA,1,0,2,0,0,NA,NA,0,0,NA,2,844,7,209,235
2007021087,8471214,15,1549,0,0,5,NA,0,0,2,0,0,NA,NA,0,0,NA,0,1270,1,278,236
2007021100,8471214,15,1254,1,2,4,NA,0,1,0,0,0,NA,NA,0,0,NA,2,963,0,291,237
2007021107,8471214,15,1073,0,0,2,NA,0,0,2,0,0,NA,NA,0,0,NA,-1,889,0,184,238
2007021121,8471214,15,1554,2,2,9,NA,0,0,0,0,0,NA,NA,0,0,NA,4,1111,0,443,239
2007021143,8471214,15,1627,1,0,11,NA,0,0,2,0,0,NA,NA,0,0,NA,1,1142,3,482,240
2007021158,8471214,15,1575,0,0,5,NA,0,0,0,0,0,NA,NA,0,0,NA,0,1330,0,245,241
2007021174,8471214,15,1327,1,1,4,NA,0,0,0,0,0,NA,NA,0,0,NA,2,799,18,510,242
2007021189,8471214,15,1441,1,0,6,NA,0,0,2,1,1,NA,NA,0,0,NA,1,900,4,537,243
2007021202,8471214,15,1411,2,0,5,NA,1,0,0,0,0,NA,NA,0,0,NA,1,957,6,448,244
2007021221,8471214,15,1390,0,0,5,NA,0,0,2,0,0,NA,NA,0,0,NA,0,831,20,539,245
2008020013,8471214,15,1382,0,0,6,NA,0,0,4,0,1,NA,NA,0,0,NA,0,728,175,479,246
2008020020,8471214,15,1486,2,0,6,NA,0,0,2,0,1,NA,NA,0,0,NA,2,864,258,364,247
2008020036,8471214,15,1403,0,0,3,NA,0,0,0,0,1,NA,NA,0,0,NA,0,909,118,376,248
2008020050,8471214,15,1550,0,0,5,NA,0,0,0,0,1,NA,NA,0,0,NA,1,1081,118,351,249
2008020067,8471214,15,1710,0,1,6,NA,0,1,2,0,0,NA,NA,0,0,NA,0,1027,86,597,250
2008020086,8471214,15,1488,0,1,4,NA,0,0,0,0,0,NA,NA,0,0,NA,1,813,210,465,251
2008020098,8471214,15,1302,0,0,7,NA,0,0,0,0,0,NA,NA,0,0,NA,0,893,100,309,252
2008020114,8471214,15,1450,0,1,4,NA,0,0,2,0,0,NA,NA,0,0,NA,0,1020,166,264,253
2008020173,8471214,15,1272,0,0,4,NA,0,0,2,0,1,NA,NA,0,0,NA,-1,1123,35,114,254
2008020183,8471214,15,1341,0,3,2,NA,0,0,0,0,0,NA,NA,0,0,NA,3,1048,0,293,255
2008020200,8471214,15,1310,0,0,3,NA,0,0,0,0,0,NA,NA,0,0,NA,0,1013,0,297,256
2008020214,8471214,15,1165,1,1,6,NA,0,0,0,0,1,NA,NA,0,0,NA,2,848,27,290,257
2008020223,8471214,15,1083,1,2,5,NA,0,0,0,0,0,NA,NA,0,0,NA,4,614,33,436,258
2008020236,8471214,15,1323,1,1,5,NA,0,1,0,0,0,NA,NA,0,0,NA,2,1207,11,105,259
2008020243,8471214,15,1479,2,1,12,NA,0,0,0,0,0,NA,NA,0,0,NA,3,1210,139,130,260
2008020270,8471214,15,1443,1,3,6,NA,1,2,4,0,1,NA,NA,0,0,NA,1,908,57,478,261
2008020278,8471214,15,1325,0,1,5,NA,0,1,2,0,0,NA,NA,0,0,NA,-4,905,104,316,262
2008020296,8471214,15,1473,0,1,3,NA,0,1,2,0,0,NA,NA,0,0,NA,-2,990,144,339,263
2008020303,8471214,15,1542,1,0,6,NA,0,0,2,0,1,NA,NA,0,0,NA,0,1132,110,300,264
2008020311,8471214,15,1292,3,1,6,NA,2,0,0,0,0,NA,NA,0,0,NA,2,930,87,275,265
2008020328,8471214,15,1310,1,0,7,NA,0,0,0,0,0,NA,NA,0,0,NA,1,1091,38,181,266
2008020340,8471214,15,1518,0,0,6,NA,0,0,0,0,0,NA,NA,0,0,NA,-2,961,68,489,267
2008020356,8471214,15,1555,0,1,7,NA,0,1,2,0,0,NA,NA,0,0,NA,-2,1236,52,267,268
2008020368,8471214,15,1162,1,2,11,NA,1,1,4,0,0,NA,NA,0,0,NA,0,826,15,321,269
2008020380,8471214,15,1397,0,0,7,NA,0,0,4,0,0,NA,NA,0,0,NA,1,1166,0,231,270
2008020392,8471214,15,1638,0,1,11,NA,0,1,0,0,0,NA,NA,0,0,NA,-3,1099,78,461,271
2008020407,8471214,15,1184,1,1,5,NA,0,1,2,0,0,NA,NA,0,0,NA,0,1085,4,95,272
2008020423,8471214,15,1302,2,0,9,NA,2,0,2,0,0,NA,NA,0,0,NA,1,899,15,388,273
2008020432,8471214,15,1160,0,1,3,NA,0,1,4,0,1,NA,NA,0,0,NA,0,958,48,154,274
2008020446,8471214,15,1453,2,0,6,NA,0,0,0,0,0,NA,NA,0,0,NA,2,1199,0,254,275
2008020461,8471214,15,1338,1,0,7,NA,1,0,0,0,0,NA,NA,0,0,NA,0,931,49,358,276
2008020475,8471214,15,1389,0,0,12,NA,0,0,0,0,0,NA,NA,0,0,NA,-2,737,88,564,277
2008020496,8471214,15,1322,2,1,13,NA,0,1,0,0,0,NA,NA,0,0,NA,-1,977,0,345,278
2008020509,8471214,15,1444,1,0,8,NA,0,0,2,0,0,NA,NA,0,0,NA,2,1037,71,336,279
2008020530,8471214,15,1208,2,0,7,NA,0,0,0,0,0,NA,NA,0,0,NA,2,1087,73,48,280
2008020539,8471214,15,1295,0,0,4,NA,0,0,0,0,0,NA,NA,0,0,NA,-1,844,119,332,281
2008020557,8471214,15,1346,1,2,4,NA,0,0,2,1,1,NA,NA,0,0,NA,0,997,48,301,282
2008020569,8471214,15,1643,1,0,9,NA,0,0,0,0,1,NA,NA,1,0,NA,0,1108,135,400,283
2008020587,8471214,15,1687,0,0,5,NA,0,0,2,1,1,NA,NA,0,0,NA,0,1190,126,371,284
2008020609,8471214,15,1701,0,0,12,NA,0,0,4,0,0,NA,NA,0,0,NA,0,928,148,625,285
2008020616,8471214,15,1364,0,1,8,NA,0,1,2,0,0,NA,NA,0,0,NA,0,867,66,431,286
2008020634,8471214,15,1565,0,0,7,NA,0,0,0,0,0,NA,NA,0,0,NA,-1,944,237,384,287
2008020642,8471214,15,1380,2,1,10,NA,1,1,0,0,0,NA,NA,0,0,NA,2,812,93,475,288
2008020666,8471214,15,1474,0,0,9,NA,0,0,2,0,0,NA,NA,0,0,NA,0,1055,29,390,289
2008020678,8471214,15,1423,2,0,8,NA,2,0,2,0,0,NA,NA,0,0,NA,0,953,185,285,290
2008020686,8471214,15,1457,0,0,6,NA,0,0,2,0,0,NA,NA,0,0,NA,0,840,72,545,291
2008020701,8471214,15,1256,0,1,9,NA,0,0,0,0,0,NA,NA,0,0,NA,0,719,7,530,292
2008020730,8471214,15,1242,2,0,5,NA,1,0,0,0,0,NA,NA,0,0,NA,0,1014,13,215,293
2008020742,8471214,15,1248,3,0,4,NA,1,0,0,0,0,NA,NA,0,0,NA,1,961,40,247,294
2008020748,8471214,15,1157,0,2,1,NA,0,2,0,0,0,NA,NA,0,0,NA,-1,817,6,334,295
2008020764,8471214,15,1386,1,0,9,NA,0,0,0,0,1,NA,NA,0,0,NA,-1,1049,10,327,296
2008020783,8471214,15,1241,0,1,12,NA,0,1,2,1,1,NA,NA,0,0,NA,0,908,0,333,297
2008020803,8471214,15,1237,0,1,5,NA,0,0,2,0,0,NA,NA,0,0,NA,0,1099,7,131,298
2008020829,8471214,15,1052,1,0,5,NA,0,0,2,0,0,NA,NA,0,0,NA,1,836,3,213,299
2008020836,8471214,15,1101,3,0,8,NA,1,0,0,1,1,NA,NA,0,0,NA,2,960,11,130,300
2008020856,8471214,15,1533,1,0,6,NA,0,0,0,0,0,NA,NA,0,0,NA,1,1276,5,252,301
2008020871,8471214,15,1411,0,0,5,NA,0,0,0,0,0,NA,NA,0,0,NA,-1,1272,0,139,302
2008020887,8471214,15,1116,1,1,9,NA,1,0,0,0,0,NA,NA,0,0,NA,0,868,20,228,303
2008020895,8471214,15,1512,1,1,9,NA,0,1,0,0,0,NA,NA,0,0,NA,0,771,135,606,304
2008020912,8471214,15,1528,0,1,5,NA,0,1,2,0,1,NA,NA,0,0,NA,-1,912,0,616,305
2008020923,8471214,15,1360,1,0,5,NA,0,0,0,0,0,NA,NA,0,0,NA,0,964,0,396,306
2008020935,8471214,15,1238,1,0,7,NA,0,0,0,0,0,NA,NA,0,0,NA,0,1059,1,178,307
2008020942,8471214,15,1450,0,1,6,NA,0,1,0,0,0,NA,NA,0,0,NA,-2,1012,170,268,308
2008020981,8471214,15,1541,1,0,7,NA,1,0,0,0,0,NA,NA,0,0,NA,0,1167,18,356,309
2008020996,8471214,15,1558,0,1,5,NA,0,0,2,0,0,NA,NA,0,0,NA,0,1274,0,284,310
2008021006,8471214,15,1160,1,1,8,NA,0,1,0,0,0,NA,NA,0,0,NA,0,1060,2,98,311
2008021025,8471214,15,1429,1,1,8,NA,1,1,0,0,0,NA,NA,0,0,NA,-2,1144,0,285,312
2008021038,8471214,15,1510,0,0,10,NA,0,0,0,0,1,NA,NA,0,0,NA,-2,985,61,464,313
2008021045,8471214,15,1144,0,1,4,NA,0,0,0,0,1,NA,NA,0,0,NA,1,1033,1,110,314
2008021057,8471214,15,1309,1,2,4,NA,0,1,0,0,2,NA,NA,0,0,NA,2,1069,0,240,315
2008021074,8471214,15,1436,0,1,7,NA,0,0,0,3,4,NA,NA,0,0,NA,-1,1153,2,281,316
2008021088,8471214,15,1407,1,1,7,NA,1,0,0,0,1,NA,NA,0,0,NA,1,1312,3,92,317
2008021110,8471214,15,1624,2,2,7,NA,1,2,0,1,3,NA,NA,0,0,NA,0,918,12,694,318
2008021144,8471214,15,1479,1,0,5,NA,0,0,0,0,1,NA,NA,0,0,NA,1,1360,9,110,319
2008021160,8471214,15,1320,1,2,9,NA,1,1,2,0,1,NA,NA,0,0,NA,-2,811,3,506,320
2008021175,8471214,15,1521,0,2,11,NA,0,1,0,0,1,NA,NA,0,0,NA,-2,875,8,638,321
2008021188,8471214,15,1208,0,2,4,NA,0,0,0,0,0,NA,NA,0,0,NA,0,1138,23,47,322
2008021205,8471214,15,1395,0,0,11,NA,0,0,2,0,0,NA,NA,0,0,NA,1,958,0,437,323
2008021223,8471214,15,1399,1,1,6,NA,0,0,0,0,1,NA,NA,0,0,NA,-1,1127,0,272,324
2009020001,8471214,15,1214,2,1,5,NA,0,1,2,0,0,NA,NA,0,0,NA,2,1001,21,192,325
2009020015,8471214,15,1332,1,2,5,NA,0,1,2,0,0,NA,NA,0,0,NA,2,987,0,345,326
2009020027,8471214,15,1374,2,1,7,NA,0,1,0,0,0,NA,NA,0,0,NA,2,892,0,482,327
2009020039,8471214,15,1497,0,0,9,NA,0,0,0,0,0,NA,NA,0,0,NA,-1,810,0,687,328
2009020054,8471214,15,1377,0,1,9,NA,0,1,0,0,0,NA,NA,0,0,NA,0,1047,0,330,329
2009020067,8471214,15,1471,0,2,7,NA,0,0,0,0,0,NA,NA,0,0,NA,2,1034,4,433,330
2009020080,8471214,15,1253,2,0,13,NA,0,0,0,0,0,NA,NA,0,0,NA,2,837,0,416,331
2009020098,8471214,15,1363,2,0,6,NA,1,0,0,0,0,NA,NA,0,0,NA,0,1167,7,189,332
2009020121,8471214,15,1478,0,0,4,NA,0,0,2,0,0,NA,NA,0,0,NA,0,837,0,641,333
2009020132,8471214,15,1608,0,1,2,NA,0,0,2,0,0,NA,NA,0,0,NA,-1,1255,0,353,334
2009020152,8471214,15,1260,2,0,5,NA,0,0,0,1,1,NA,NA,0,0,NA,3,999,0,261,335
2009020166,8471214,15,1163,2,1,6,NA,1,1,0,0,1,NA,NA,0,0,NA,0,860,0,303,336
2009020172,8471214,15,1551,1,0,7,NA,1,0,0,0,1,NA,NA,0,0,NA,-1,1009,4,538,337
2009020193,8471214,15,463,0,0,1,NA,0,0,4,0,1,NA,NA,0,0,NA,0,358,0,105,338
2009020289,8471214,15,1163,1,0,1,NA,1,0,0,0,0,NA,NA,0,0,NA,-1,812,3,348,339
2009020307,8471214,15,1406,0,0,5,NA,0,0,0,1,1,NA,NA,0,0,NA,0,1096,3,307,340
2009020314,8471214,15,1598,1,0,6,NA,0,0,0,0,0,NA,NA,0,0,NA,1,1217,0,381,341
2009020331,8471214,15,1316,0,1,3,NA,0,0,2,0,0,NA,NA,0,0,NA,0,983,0,333,342
2009020341,8471214,15,925,1,0,3,NA,0,0,15,0,0,NA,NA,0,0,NA,1,925,0,0,343
2009020370,8471214,15,1532,1,1,8,NA,0,1,0,1,1,NA,NA,0,0,NA,1,1312,6,214,344
2009020384,8471214,15,188,0,1,1,NA,0,0,15,0,0,NA,NA,0,0,NA,1,188,0,0,345
2009020433,8471214,15,1322,2,0,7,NA,1,0,0,1,1,NA,NA,0,0,NA,1,864,7,451,346
2009020442,8471214,15,1438,0,0,6,NA,0,0,2,1,1,NA,NA,0,0,NA,-1,1364,0,74,347
2009020459,8471214,15,1416,0,2,6,NA,0,0,0,1,2,NA,NA,0,0,NA,3,1114,0,302,348
2009020466,8471214,15,1286,1,2,4,NA,1,0,0,0,0,NA,NA,0,0,NA,0,1039,2,245,349
2009020492,8471214,15,1152,0,1,2,NA,0,0,0,0,0,NA,NA,0,0,NA,1,995,20,137,350
2009020516,8471214,15,1463,0,0,3,NA,0,0,0,0,0,NA,NA,0,0,NA,-1,999,0,464,351
2009020528,8471214,15,1418,2,1,9,NA,0,0,0,0,0,NA,NA,0,0,NA,1,1070,0,348,352
2009020549,8471214,15,1254,1,2,5,NA,1,1,0,0,1,NA,NA,0,0,NA,1,1084,0,170,353
2009020560,8471214,15,1138,1,2,5,NA,0,0,0,0,0,NA,NA,0,0,NA,3,943,15,180,354
2009020577,8471214,15,1496,0,2,7,NA,0,2,0,0,0,NA,NA,0,0,NA,-2,1086,1,409,355
2009020597,8471214,15,1386,1,0,3,NA,0,0,2,0,1,NA,NA,0,0,NA,0,982,2,402,356
2009020614,8471214,15,1607,0,0,7,NA,0,0,2,0,0,NA,NA,0,0,NA,-1,1114,0,493,357
2009020631,8471214,15,1385,0,0,3,NA,0,0,0,0,0,NA,NA,0,0,NA,0,972,8,405,358
2009020646,8471214,15,1209,1,2,10,NA,0,0,2,0,0,NA,NA,0,0,NA,4,929,5,275,359
2009020666,8471214,15,1064,0,1,6,NA,0,0,2,0,0,NA,NA,0,0,NA,2,1031,0,33,360
2009020685,8471214,15,1297,0,2,3,NA,0,2,6,1,1,NA,NA,0,0,NA,-1,1019,0,278,361
2009020690,8471214,15,1532,1,0,4,NA,0,0,0,0,0,NA,NA,0,0,NA,0,1404,8,120,362
2009020705,8471214,15,1070,1,4,2,NA,0,2,0,0,0,NA,NA,0,0,NA,3,684,13,373,363
2009020719,8471214,15,1050,1,1,4,NA,0,0,0,0,0,NA,NA,0,0,NA,2,1039,3,8,364
2009020735,8471214,15,1333,0,1,0,NA,0,1,0,0,0,NA,NA,0,0,NA,-1,935,3,395,365
2009020750,8471214,15,1249,2,1,8,NA,1,0,0,0,1,NA,NA,0,0,NA,2,1187,0,62,366
2009020764,8471214,15,1376,1,1,6,NA,0,1,0,0,0,NA,NA,0,0,NA,1,748,0,628,367
2009020779,8471214,15,1251,0,0,10,NA,0,0,0,0,2,NA,NA,0,0,NA,0,1069,9,173,368
2009020788,8471214,15,1256,1,2,4,NA,0,1,0,0,0,NA,NA,0,0,NA,2,1008,9,239,369
2009020802,8471214,15,1047,0,1,5,NA,0,0,0,0,0,NA,NA,0,0,NA,2,807,0,240,370
2009020818,8471214,15,1235,1,1,6,NA,0,1,0,0,0,NA,NA,0,0,NA,1,1074,0,161,371
2009020827,8471214,15,1280,1,0,2,NA,0,0,2,0,0,NA,NA,0,0,NA,1,869,15,396,372
2009020842,8471214,15,1480,2,1,5,NA,1,0,0,0,0,NA,NA,0,0,NA,1,781,0,699,373
2009020851,8471214,15,1287,1,1,5,NA,1,0,0,0,0,NA,NA,0,0,NA,1,780,0,507,374
2009020870,8471214,15,1536,3,1,6,NA,0,1,2,0,0,NA,NA,0,0,NA,3,1178,8,350,375
2009020886,8471214,15,1770,0,2,8,NA,0,0,0,0,0,NA,NA,0,0,NA,1,1206,0,564,376
2009020891,8471214,15,1662,0,1,1,NA,0,0,2,0,0,NA,NA,0,0,NA,1,1422,0,240,377
2009020911,8471214,15,1520,0,0,8,NA,0,0,0,0,0,NA,NA,0,0,NA,0,1153,16,351,378
2009020935,8471214,15,1122,0,0,4,NA,0,0,0,0,1,NA,NA,0,0,NA,0,912,0,210,379
2009020943,8471214,15,1116,0,1,3,NA,0,0,0,0,0,NA,NA,0,0,NA,0,912,0,204,380
2009020958,8471214,15,1407,0,0,7,NA,0,0,0,0,0,NA,NA,0,0,NA,0,1092,7,308,381
2009020974,8471214,15,1560,2,0,10,NA,1,0,0,0,0,NA,NA,0,0,NA,0,1300,0,260,382
2009020987,8471214,15,1283,0,2,5,NA,0,2,0,0,0,NA,NA,0,0,NA,-1,976,3,304,383
2009021001,8471214,15,1352,0,2,1,NA,0,2,0,0,0,NA,NA,0,0,NA,-1,1041,0,311,384
2009021022,8471214,15,290,0,0,1,NA,0,0,15,0,0,NA,NA,0,0,NA,0,211,0,79,385
2009021063,8471214,15,1372,1,0,7,NA,0,0,0,0,0,NA,NA,0,0,NA,1,951,21,400,386
2009021091,8471214,15,1372,0,1,4,NA,0,0,0,1,1,NA,NA,0,0,NA,2,1259,17,96,387
2009021100,8471214,15,1373,0,0,6,NA,0,0,2,0,0,NA,NA,0,0,NA,0,1109,13,251,388
2009021122,8471214,15,1592,1,1,7,NA,1,1,0,0,0,NA,NA,0,0,NA,-1,1195,0,397,389
2009021136,8471214,15,1708,0,1,5,NA,0,0,0,0,0,NA,NA,0,0,NA,0,1178,0,530,390
2009021152,8471214,15,1189,0,1,5,NA,0,0,2,0,0,NA,NA,0,0,NA,0,1090,1,98,391
2009021171,8471214,15,1430,0,0,2,NA,0,0,0,0,0,NA,NA,0,0,NA,-2,894,0,536,392
2009021179,8471214,15,1094,0,2,6,NA,0,0,0,2,2,NA,NA,0,0,NA,1,960,0,134,393
2009021186,8471214,15,1162,2,0,4,NA,1,0,2,0,1,NA,NA,0,0,NA,1,1158,0,4,394
2009021208,8471214,15,1391,2,1,3,NA,0,0,0,0,0,NA,NA,0,0,NA,3,926,0,465,395
2009021224,8471214,15,1555,0,0,5,NA,0,0,2,0,1,NA,NA,0,0,NA,-1,1328,0,227,396
2010019376,8471214,15,1545,0,-2,-8,11,0,0,0,0,0,0,3,0,0,-2,-7,1784,0,-239,397
2010020011,8471214,15,1401,0,1,8,3,0,0,0,0,0,2,2,0,0,1,0,1059,12,330,398
2010020017,8471214,15,1157,2,1,5,2,0,1,0,0,1,0,1,0,0,1,2,822,0,335,399
2010020032,8471214,15,1358,1,0,3,2,0,0,4,0,0,2,2,0,0,0,0,923,0,435,400
2010020037,8471214,15,1291,1,1,3,1,0,1,0,0,0,3,3,0,0,0,1,966,0,325,401
2010020060,8471214,15,1409,0,1,3,3,0,1,2,0,0,0,0,0,0,0,-1,1078,1,330,402
2010020074,8471214,15,1416,0,0,5,6,0,0,0,0,0,0,0,0,0,0,-2,1026,5,385,403
2010020082,8471214,15,1553,0,0,8,5,0,0,0,0,0,0,0,0,0,0,-1,1098,0,455,404
2010020102,8471214,15,1457,0,0,6,9,0,0,2,0,0,2,1,0,0,0,0,1146,0,311,405
2010020124,8471214,15,1029,0,1,5,2,0,0,2,0,0,0,1,0,0,0,1,821,0,208,406
2010020134,8471214,15,1243,1,0,4,4,0,0,0,0,0,0,1,0,0,0,1,1011,2,230,407
2010020154,8471214,15,1113,2,1,7,4,2,0,0,0,1,1,1,0,0,0,1,861,0,252,408
2010020165,8471214,15,1391,0,2,3,3,0,2,0,0,0,1,0,0,0,1,-1,1034,5,352,409
2010020180,8471214,15,1348,1,1,3,0,0,0,2,0,1,1,0,0,0,2,1,1110,0,238,410
2010020199,8471214,15,1382,0,1,6,4,0,1,0,0,0,1,0,0,0,0,0,950,0,432,411
2010020204,8471214,15,1311,0,2,3,4,0,1,0,1,1,1,0,0,0,0,1,1032,3,276,412
2010020219,8471214,15,1067,1,2,2,2,0,1,0,0,0,0,3,0,0,0,4,1051,0,16,413
2010020234,8471214,15,1058,0,0,1,5,0,0,0,0,0,0,1,0,0,0,-1,948,0,110,414
2010020245,8471214,15,1072,1,1,1,3,0,0,0,0,0,1,1,0,0,0,0,843,3,226,415
2010020260,8471214,15,1144,0,0,4,4,0,0,2,0,0,1,0,0,0,0,1,1011,0,133,416
2010020277,8471214,15,1360,0,0,3,1,0,0,0,1,1,1,1,0,0,0,-2,1013,0,347,417
2010020287,8471214,15,1371,0,1,3,1,0,1,0,0,0,0,0,0,0,0,-1,813,0,558,418
2010020299,8471214,15,1386,0,0,5,5,0,0,2,0,0,0,2,0,0,0,0,1100,0,286,419
2010020309,8471214,15,1315,0,3,10,5,0,1,0,0,0,1,1,0,0,0,2,977,0,338,420
2010020327,8471214,15,1138,0,2,1,3,0,2,0,0,0,0,0,0,0,1,1,814,0,324,421
2010020345,8471214,15,1287,0,1,7,1,0,0,2,0,0,0,1,0,0,0,1,1164,3,120,422
2010020361,8471214,15,1132,0,1,3,4,0,0,0,0,0,0,1,0,0,0,2,966,0,166,423
2010020371,8471214,15,1347,0,0,5,3,0,0,2,0,0,0,3,0,0,0,0,1011,8,328,424
2010020383,8471214,15,1538,1,0,6,2,0,0,0,0,1,0,1,0,0,0,0,969,0,569,425
2010020397,8471214,15,1221,1,0,5,3,0,0,0,0,1,0,0,0,0,0,-1,1012,0,209,426
2010020414,8471214,15,1353,0,0,5,2,0,0,0,0,0,0,1,0,0,0,-1,680,1,672,427
2010020430,8471214,15,1431,0,1,3,5,0,0,0,0,0,3,0,0,0,0,1,1119,0,312,428
2010020438,8471214,15,960,0,0,4,7,0,0,5,0,0,0,0,0,0,0,-1,730,0,230,429
2010020452,8471214,15,1514,0,0,6,0,0,0,0,0,0,0,0,0,0,0,-1,1337,0,177,430
2010020474,8471214,15,1434,0,1,7,6,0,0,0,0,0,0,3,0,0,0,-1,1328,0,106,431
2010020484,8471214,15,1247,0,1,2,0,0,0,0,0,1,0,0,0,0,0,1,856,0,391,432
2010020496,8471214,15,1279,0,1,1,4,0,0,0,0,0,0,1,0,0,1,1,880,4,395,433
2010020510,8471214,15,1393,0,0,5,5,0,0,2,0,3,1,1,0,0,0,0,939,0,454,434
2010020522,8471214,15,1321,1,1,8,1,0,0,2,1,1,2,0,0,0,1,2,1115,1,205,435
2010020538,8471214,15,1328,1,0,5,2,0,0,0,0,0,0,1,0,0,0,1,650,4,674,436
2010020566,8471214,15,1106,0,0,6,1,0,0,0,0,0,0,0,0,0,0,-1,954,0,152,437
2010020587,8471214,15,1316,0,0,8,1,0,0,0,0,0,1,1,0,0,0,0,1005,0,311,438
2010020617,8471214,15,1233,1,1,6,1,0,1,0,0,0,0,0,0,0,1,0,999,0,234,439
2010020638,8471214,15,1401,0,1,6,3,0,0,0,0,1,0,1,0,0,1,1,843,4,554,440
2010020643,8471214,15,1118,0,0,2,4,0,0,2,0,0,0,2,0,0,1,-2,990,12,116,441
2010020654,8471214,15,1501,0,0,3,7,0,0,0,0,0,0,0,0,0,0,-1,1273,0,228,442
2010020672,8471214,15,1330,0,0,3,2,0,0,0,0,0,0,0,0,0,0,1,1240,0,90,443
2010020684,8471214,15,1230,1,0,3,2,0,0,0,0,0,1,1,0,0,0,0,1230,0,0,444
2010020699,8471214,15,1195,0,2,1,1,0,0,2,0,0,0,2,0,0,0,2,989,4,202,445
2010020715,8471214,15,1252,3,0,8,2,0,0,0,0,0,2,0,0,0,3,3,1037,0,215,446
2010020728,8471214,15,1448,0,0,6,2,0,0,2,0,0,3,0,0,0,0,0,1248,5,195,447
2010020744,8471214,15,1418,0,0,8,2,0,0,0,0,0,0,1,0,0,0,0,1156,0,262,448
2010020754,8471214,15,1350,0,0,3,4,0,0,2,0,0,1,0,0,0,1,0,1183,0,167,449
2010020779,8471214,15,1342,1,3,10,4,1,0,0,0,0,0,0,0,0,0,3,1035,3,304,450
2010020793,8471214,15,1281,0,0,3,3,0,0,0,0,0,1,0,0,0,1,0,886,0,395,451
2010020805,8471214,15,1301,0,0,3,4,0,0,0,0,0,0,0,0,0,0,-2,1111,0,190,452
2010020829,8471214,15,1475,1,0,2,2,0,0,0,0,0,0,0,0,0,2,0,1075,0,400,453
2010020847,8471214,15,1552,0,0,6,3,0,0,0,0,0,1,1,0,0,0,0,889,90,573,454
2010020862,8471214,15,1378,1,1,3,4,0,0,0,0,0,0,2,0,0,0,-1,1147,0,231,455
2010020869,8471214,15,1213,1,1,7,4,1,0,2,0,0,1,1,0,0,0,0,1182,0,31,456
2010020886,8471214,15,1451,0,1,6,1,0,1,0,0,0,0,0,0,0,0,0,1000,0,451,457
2010020893,8471214,15,1236,1,0,8,4,1,0,0,0,0,0,0,0,0,2,0,949,0,287,458
2010020915,8471214,15,1364,0,0,8,6,0,0,0,1,3,0,0,0,0,1,-1,878,12,474,459
2010020930,8471214,15,1022,0,1,2,4,0,0,0,0,0,2,3,0,0,0,-1,919,0,103,460
2010020943,8471214,15,1072,1,1,8,1,0,0,0,1,1,0,1,0,0,0,2,853,0,219,461
2010020960,8471214,15,1127,0,2,1,3,0,0,0,0,0,1,0,0,0,1,1,1049,5,73,462
2010020985,8471214,15,1013,0,1,4,3,0,0,0,0,0,0,0,0,0,0,0,928,8,77,463
2010020989,8471214,15,1479,0,1,4,4,0,0,2,0,0,2,0,0,0,0,1,1244,0,235,464
2010021001,8471214,15,1119,2,1,5,1,1,1,0,0,0,2,2,0,0,0,1,746,1,372,465
2010021016,8471214,15,967,1,0,1,3,0,0,0,0,0,1,1,0,0,1,1,850,0,117,466
2010021034,8471214,15,1224,0,0,6,3,0,0,0,0,0,1,1,0,0,0,-1,1097,11,116,467
2010021045,8471214,15,1304,0,1,1,4,0,0,0,0,0,0,2,0,0,0,1,1067,0,237,468
2010021052,8471214,15,1561,1,0,7,4,0,0,0,1,1,2,0,0,0,0,1,1108,0,453,469
2010021066,8471214,15,924,0,2,0,2,0,0,0,0,0,0,0,0,0,0,3,924,0,0,470
2010021137,8471214,15,1160,0,0,5,5,0,0,0,0,0,0,0,0,0,0,0,948,8,204,471
2010021153,8471214,15,1251,0,1,5,0,0,0,0,0,0,0,1,0,0,0,1,1251,0,0,472
2010021171,8471214,15,1206,1,2,7,4,0,1,0,0,0,0,1,0,0,0,-1,1088,0,118,473
2010021185,8471214,15,1416,1,0,7,4,1,0,0,0,0,1,0,0,0,0,0,1140,0,276,474
2010021195,8471214,15,1119,1,2,5,0,0,1,0,0,0,1,1,0,0,0,2,860,2,257,475
2010021220,8471214,15,1265,0,0,6,3,0,0,0,0,0,0,0,0,0,0,0,1184,0,81,476
2010030111,8471214,15,1606,1,0,6,6,0,0,2,0,0,0,1,0,0,1,1,1457,0,149,477
2010030112,8471214,15,1191,0,1,2,6,0,1,0,0,0,0,1,0,0,0,0,899,0,292,478
2010030113,8471214,15,1172,1,1,1,5,0,1,2,0,0,0,1,0,0,0,-1,902,24,246,479
2010030114,8471214,15,1807,0,0,4,3,0,0,2,0,0,0,2,0,0,1,-2,1410,0,397,480
2010030115,8471214,15,1203,1,1,4,3,0,1,0,0,0,0,0,0,0,0,1,1024,0,179,481
2010030211,8471214,15,1358,0,0,2,4,0,0,0,1,1,1,2,0,0,0,-1,932,3,423,482
2010030212,8471214,15,1384,1,0,5,6,0,0,2,0,0,2,2,0,0,0,0,921,0,463,483
2010030213,8471214,15,1467,1,1,5,4,1,0,0,2,2,0,4,0,0,1,0,1234,2,231,484
2010030214,8471214,15,1505,0,1,5,3,0,1,2,0,0,0,1,0,0,0,1,1275,2,228,485
2011019877,8471214,15,1446,0,-1,-4,8,0,0,0,0,0,0,2,0,0,-1,-4,1467,0,-21,486
2011020013,8471214,15,1238,0,1,2,1,0,1,2,0,0,1,0,0,0,0,0,941,0,297,487
2011020029,8471214,15,1307,0,0,3,2,0,0,0,0,0,0,0,0,0,0,-2,897,0,410,488
2011020039,8471214,15,1135,1,0,3,6,0,0,0,0,0,0,1,0,0,1,1,1091,0,44,489
2011020054,8471214,15,1090,0,0,7,3,0,0,0,0,0,3,0,0,0,0,-1,949,0,141,490
2011020070,8471214,15,1055,0,1,2,4,0,1,0,0,0,1,0,0,0,0,0,1002,0,53,491
2011020081,8471214,15,1079,2,0,3,0,1,0,2,0,0,1,0,0,0,0,1,657,0,422,492
2011020102,8471214,15,974,0,2,1,0,0,2,0,0,0,0,1,0,0,0,1,780,0,194,493
2011020134,8471214,15,1091,0,0,7,0,0,0,0,0,0,0,1,0,0,0,0,749,6,336,494
2011020152,8471214,15,1128,2,0,5,1,1,0,2,0,1,0,1,0,0,0,0,893,0,235,495
2011020161,8471214,15,1071,0,1,4,1,0,0,0,0,0,0,0,0,0,1,0,877,0,194,496
2011020178,8471214,15,1213,0,2,3,0,0,1,0,0,1,0,0,0,0,0,1,912,0,301,497
2011020187,8471214,15,1070,1,0,3,0,0,0,2,0,0,0,0,0,0,0,0,982,7,81,498
2011020205,8471214,15,1102,0,0,3,3,0,0,0,0,0,0,1,0,0,0,-2,887,0,215,499
2011020222,8471214,15,1225,1,0,2,2,0,0,0,0,1,0,0,0,0,1,1,899,0,326,500
2011020231,8471214,15,1214,0,0,2,11,0,0,2,0,0,1,0,0,0,0,-1,867,0,347,501
2011020253,8471214,15,1016,0,0,4,3,0,0,0,0,0,0,0,0,0,0,-2,819,0,197,502
2011020267,8471214,15,1092,0,0,5,0,0,0,0,0,0,0,0,0,0,0,0,742,0,350,503
2011020277,8471214,15,1169,0,0,8,2,0,0,0,0,1,0,0,0,0,0,-3,762,8,399,504
2011020292,8471214,15,1095,0,1,1,3,0,0,0,0,0,1,0,0,0,0,1,831,0,264,505
2011020304,8471214,15,1193,0,1,5,4,0,0,0,0,0,1,1,0,0,1,1,974,0,219,506
2011020317,8471214,15,1045,1,0,4,8,0,0,2,0,0,0,0,0,0,1,1,865,0,180,507
2011020330,8471214,15,1189,0,0,2,2,0,0,0,0,0,0,1,0,0,0,-4,987,0,202,508
2011020347,8471214,15,1006,0,1,1,4,0,0,0,0,0,0,1,0,0,0,1,986,0,20,509
2011020358,8471214,15,1162,0,0,1,10,0,0,2,0,0,0,1,0,0,0,0,1012,0,150,510
2011020374,8471214,15,1255,0,1,4,2,0,0,0,0,0,0,1,0,0,2,1,971,0,284,511
2011020390,8471214,15,1325,0,0,4,4,0,0,0,0,0,0,1,0,0,0,-2,1155,8,162,512
2011020402,8471214,15,1086,1,0,7,1,0,0,0,0,0,1,0,0,0,0,0,813,8,265,513
2011020417,8471214,15,1242,0,1,8,1,0,1,0,0,0,0,1,0,0,3,-1,865,9,368,514
2011020441,8471214,15,1166,0,0,3,2,0,0,0,0,0,1,1,0,0,1,-2,942,0,224,515
2011020458,8471214,15,1001,1,0,3,1,0,0,0,0,0,0,0,0,0,0,1,803,0,198,516
2011020476,8471214,15,1354,0,0,7,3,0,0,0,1,2,0,1,0,0,0,0,1080,0,274,517
2011020489,8471214,15,905,1,0,7,3,0,0,0,0,0,0,0,0,0,0,1,795,0,110,518
2011020509,8471214,15,1415,0,1,2,2,0,0,0,0,0,0,1,0,0,0,0,1194,2,219,519
2011020520,8471214,15,1322,1,0,5,5,1,0,2,0,0,0,4,0,0,1,0,923,26,373,520
2011020537,8471214,15,1100,0,2,2,4,0,0,0,1,1,0,1,0,0,0,1,934,0,166,521
2011020551,8471214,15,1199,2,0,4,4,1,0,0,0,0,0,0,0,0,0,2,1011,0,188,522
2011020564,8471214,15,1073,2,0,6,1,1,0,2,0,1,0,1,0,0,0,1,1001,0,72,523
2011020576,8471214,15,1262,1,1,3,0,1,1,0,0,0,1,1,0,0,1,0,1136,0,126,524
2011020610,8471214,15,1260,0,0,3,2,0,0,2,0,0,0,1,0,0,2,-3,1234,0,26,525
2011020615,8471214,15,1347,0,0,3,5,0,0,0,0,0,0,1,0,0,0,-1,1171,0,176,526
2011020629,8471214,15,1228,0,0,4,3,0,0,0,0,1,1,0,0,0,2,0,1041,0,187,527
2011020642,8471214,15,1044,1,0,4,1,1,0,0,0,0,0,0,0,0,1,0,745,1,298,528
2011020659,8471214,15,1150,0,1,2,5,0,0,0,1,1,0,0,0,0,0,1,1030,8,112,529
2011020675,8471214,15,1326,0,0,4,0,0,0,2,0,0,2,1,0,0,0,0,1029,0,297,530
2011020681,8471214,15,1108,1,0,1,3,1,0,2,0,0,2,0,0,0,0,1,845,0,263,531
2011020696,8471214,15,1477,0,0,2,0,0,0,0,0,0,2,1,0,0,1,-1,1276,0,201,532
2011020714,8471214,15,1235,1,2,2,2,0,0,0,0,0,0,2,0,0,0,3,930,0,305,533
2011020769,8471214,15,1197,0,0,1,3,0,0,0,0,0,0,0,0,0,2,0,969,0,228,534
2011020779,8471214,15,1369,0,0,7,7,0,0,0,0,1,1,1,0,0,0,-2,1249,0,120,535
2011020788,8471214,15,1215,2,0,5,1,1,0,0,0,0,0,0,0,0,0,1,1181,0,34,536
2011020805,8471214,15,1216,1,1,5,2,1,1,0,0,0,0,1,0,0,3,0,987,9,220,537
2011020828,8471214,15,1352,0,1,5,1,0,0,0,0,0,0,0,0,0,0,-1,1116,0,236,538
2011020834,8471214,15,1605,0,0,6,4,0,0,0,2,2,3,1,0,0,1,0,1160,0,445,539
2011020861,8471214,15,1214,1,0,6,3,1,0,0,0,0,0,0,0,0,0,-1,753,4,457,540
2011020869,8471214,15,1364,0,0,4,1,0,0,0,0,0,0,1,0,0,1,0,1172,8,184,541
2011020884,8471214,15,943,0,0,1,3,0,0,0,0,0,0,0,0,0,0,-2,755,0,188,542
2011020910,8471214,15,1063,1,0,3,2,0,0,0,0,0,0,2,0,0,1,0,709,0,354,543
2011020918,8471214,15,1024,0,2,5,0,0,0,0,0,0,1,0,0,0,0,0,949,0,75,544
2011020939,8471214,15,1280,1,0,4,3,0,0,0,0,0,0,2,0,0,2,2,959,0,321,545
2011020959,8471214,15,1161,0,0,1,7,0,0,0,0,0,1,0,0,0,0,-1,1029,0,132,546
2011020979,8471214,15,1009,0,0,7,6,0,0,0,0,0,0,1,0,0,1,-1,1009,0,0,547
2011020987,8471214,15,1204,0,0,5,1,0,0,0,0,0,0,0,0,0,0,0,1144,0,60,548
2011021001,8471214,15,1322,1,0,5,6,0,0,0,0,0,1,1,0,0,1,2,1169,0,153,549
2011021014,8471214,15,1133,0,1,4,2,0,1,0,0,0,0,0,0,0,0,-1,783,0,350,550
2011021025,8471214,15,1064,0,0,1,3,0,0,0,0,0,1,0,0,0,0,0,962,0,102,551
2011021037,8471214,15,1052,2,0,5,1,0,0,2,0,0,0,0,0,0,2,1,1052,0,0,552
2011021061,8471214,15,1157,0,0,5,5,0,0,0,0,0,1,0,0,0,0,0,892,0,265,553
2011021077,8471214,15,1235,1,0,2,4,0,0,0,0,0,0,0,0,0,1,-2,1115,0,120,554
2011021085,8471214,15,1019,2,0,5,3,2,0,0,0,0,1,0,0,0,0,-1,753,0,266,555
2011021102,8471214,15,1338,1,0,6,5,0,0,0,0,0,0,1,0,0,0,1,1118,0,220,556
2011021112,8471214,15,1131,2,0,6,0,0,0,0,0,0,0,1,0,0,1,0,917,0,214,557
2011021128,8471214,15,1579,1,1,5,2,0,1,0,0,0,2,3,0,0,2,1,1293,8,278,558
2011021144,8471214,15,1507,0,0,4,4,0,0,0,1,1,0,3,0,0,1,-1,1119,0,388,559
2011021154,8471214,15,1412,0,2,5,2,0,0,0,0,1,1,2,0,0,1,2,1295,0,117,560
2011021172,8471214,15,1316,0,0,4,2,0,0,0,0,0,2,0,0,0,1,-1,841,0,475,561
2011021187,8471214,15,1332,0,0,6,4,0,0,0,0,0,0,0,0,0,1,-2,1094,0,238,562
2011021205,8471214,15,1032,1,0,2,2,0,0,0,0,0,0,1,0,0,1,1,915,9,108,563
2011021218,8471214,15,981,1,0,2,2,0,0,0,0,0,0,2,0,0,0,1,794,0,187,564
2011030121,8471214,15,1054,0,0,1,7,0,0,0,0,0,0,1,0,0,0,0,894,0,160,565
2011030122,8471214,15,1681,0,1,3,5,0,0,0,0,0,0,2,0,0,1,1,1410,0,271,566
2011030123,8471214,15,1229,1,1,6,5,0,1,0,0,0,0,1,0,0,0,0,1023,0,206,567
2011030124,8471214,15,1021,0,1,4,4,0,1,0,0,0,0,1,0,0,3,0,775,0,246,568
2011030125,8471214,15,934,0,0,5,5,0,0,0,0,0,0,0,0,0,0,-1,767,0,167,569
2011030126,8471214,15,1354,1,0,7,2,0,0,4,0,0,1,0,0,0,0,0,895,0,459,570
2011030127,8471214,15,985,0,0,2,3,0,0,0,0,0,0,1,0,0,0,0,915,0,70,571
2011030211,8471214,15,1263,0,0,1,3,0,0,2,0,0,0,0,0,0,1,-1,999,0,264,572
2011030212,8471214,15,816,1,0,7,2,1,0,0,0,0,0,0,0,0,1,0,636,0,180,573
2011030213,8471214,15,2114,0,0,5,9,0,0,0,1,1,0,2,0,0,1,0,1799,0,315,574
2011030214,8471214,15,909,1,0,4,1,0,0,2,0,0,0,1,0,0,1,-1,814,0,95,575
2011030215,8471214,15,1148,0,1,0,3,0,0,0,0,0,0,1,0,0,2,1,836,0,312,576
2011030216,8471214,15,914,1,0,3,5,1,0,0,0,0,0,0,0,0,3,0,749,1,164,577
2011030217,8471214,15,1254,0,0,2,4,0,0,0,0,0,1,0,0,0,1,-1,1156,0,98,578
2012020007,8471214,15,1415,0,0,4,2,0,0,2,0,0,1,0,0,0,0,0,918,69,428,579
2012020027,8471214,15,1439,0,1,4,4,0,0,0,0,0,0,1,0,0,0,0,1028,104,307,580
2012020042,8471214,15,1346,0,0,3,1,0,0,2,0,0,0,1,0,0,0,-1,861,9,476,581
2012020052,8471214,15,1349,0,0,2,1,0,0,0,0,0,0,1,0,0,0,0,721,0,628,582
2012020065,8471214,15,1109,1,0,5,3,1,0,0,0,0,1,0,0,0,0,-1,939,0,170,583
2012020082,8471214,15,1191,0,0,2,1,0,0,2,0,0,0,0,0,0,0,0,953,0,238,584
2012020093,8471214,15,1179,1,0,2,2,1,0,0,0,0,1,2,0,0,0,-1,1023,0,156,585
2012020101,8471214,15,1336,0,0,7,1,0,0,2,0,0,2,0,0,0,1,0,899,0,437,586
2012020119,8471214,15,1314,0,1,5,3,0,1,2,0,0,1,2,0,0,0,1,951,0,363,587
2012020130,8471214,15,1364,0,1,4,0,0,1,0,0,0,0,0,0,0,1,-2,1206,0,158,588
2012020145,8471214,15,1176,1,1,6,3,1,0,2,0,0,0,0,0,0,1,-1,950,0,226,589
2012020162,8471214,15,1229,1,0,5,1,0,0,0,0,0,1,0,0,0,1,1,1060,0,169,590
2012020182,8471214,15,1013,1,1,3,1,1,0,2,0,0,0,0,0,0,1,-1,896,0,117,591
2012020193,8471214,15,1170,0,0,5,1,0,0,0,0,0,1,0,0,0,0,-2,1112,0,58,592
2012020217,8471214,15,1276,0,0,7,2,0,0,0,0,0,1,0,0,0,0,1,858,0,418,593
2012020239,8471214,15,1359,0,0,4,4,0,0,2,0,0,2,0,0,0,0,-2,943,0,416,594
2012020250,8471214,15,1000,3,1,7,5,1,1,0,0,0,1,2,0,0,1,2,715,0,285,595
2012020276,8471214,15,1072,0,1,0,4,0,1,0,0,0,3,0,0,0,0,0,845,0,227,596
2012020285,8471214,15,1282,0,0,6,2,0,0,2,0,0,0,0,0,0,0,-1,1051,0,231,597
2012020305,8471214,15,1165,0,1,4,2,0,0,0,0,0,0,0,0,0,0,2,913,0,252,598
2012020326,8471214,15,1399,0,1,4,3,0,0,4,0,0,3,0,0,0,2,1,995,0,404,599
2012020356,8471214,15,1130,0,0,4,1,0,0,0,0,0,1,2,0,0,0,-2,902,0,228,600
2012020365,8471214,15,1346,0,0,4,2,0,0,2,0,0,0,0,0,0,0,-3,1041,0,305,601
2012020378,8471214,15,1347,0,0,0,5,0,0,0,0,0,0,1,0,0,0,-1,1150,0,197,602
2012020393,8471214,15,1275,1,1,6,3,1,0,0,0,0,1,0,0,0,1,1,1012,0,263,603
2012020405,8471214,15,1231,0,0,4,3,0,0,0,0,0,0,1,0,0,1,-1,944,0,287,604
2012020420,8471214,15,1211,1,0,5,3,0,0,2,0,0,0,0,0,0,0,0,835,0,376,605
2012020434,8471214,15,1533,1,0,4,2,1,0,0,0,0,0,0,0,0,1,0,1019,0,514,606
2012020448,8471214,15,1103,1,2,5,3,1,0,0,0,0,0,0,0,0,0,2,971,0,132,607
2012020454,8471214,15,1060,2,0,6,3,1,0,0,0,0,1,1,0,0,1,0,755,6,299,608
2012020467,8471214,15,1203,1,1,5,5,0,1,0,0,0,0,1,0,0,0,1,1055,0,148,609
2012020481,8471214,15,1415,0,1,4,3,0,0,0,0,0,0,1,0,0,1,0,1136,0,279,610
2012020511,8471214,15,1557,1,0,10,3,1,0,0,0,0,2,1,0,0,0,1,1304,0,253,611
2012020521,8471214,15,1419,1,0,6,2,1,0,0,0,0,0,0,0,0,0,-2,878,4,537,612
2012020533,8471214,15,1199,2,1,6,3,0,1,2,0,1,0,0,0,0,0,2,998,9,192,613
2012020545,8471214,15,1293,0,0,2,2,0,0,0,0,0,0,2,0,0,1,1,1143,0,150,614
2012020566,8471214,15,1253,3,1,4,1,2,1,0,0,0,0,1,0,0,1,1,884,0,369,615
2012020573,8471214,15,1233,2,0,8,1,0,0,0,0,0,0,0,0,0,0,1,1005,0,228,616
2012020585,8471214,15,1314,1,0,2,8,0,0,2,0,0,1,0,0,0,2,2,1206,0,108,617
2012020599,8471214,15,1352,0,0,6,3,0,0,0,0,0,2,2,0,0,0,1,1206,0,146,618
2012020614,8471214,15,1297,1,1,9,1,0,1,0,0,0,0,0,0,0,0,-1,884,0,413,619
2012020633,8471214,15,1255,1,1,5,2,1,0,2,0,0,0,1,0,0,0,0,866,0,389,620
2012020647,8471214,15,1290,0,0,4,3,0,0,0,0,0,0,1,0,0,0,-3,1060,0,230,621
2012020662,8471214,15,1118,2,1,6,0,1,1,0,0,0,0,0,0,0,0,1,952,0,166,622
2012020682,8471214,15,1042,1,1,6,4,0,0,0,0,0,0,0,0,0,0,1,933,0,109,623
2012020695,8471214,15,1067,1,0,3,4,0,0,2,0,0,1,0,0,0,0,1,945,3,119,624
2012020711,8471214,15,1369,0,2,3,,0,2,2,,,,,,,,,,,,625
2012030131,8471214,15,1170,1,0,5,5,1,0,0,0,0,0,0,0,0,2,1,696,0,474,626
2012030132,8471214,15,1222,0,1,7,7,0,1,0,0,0,1,0,0,0,0,0,1055,0,167,627
2012030133,8471214,15,1327,0,0,2,1,0,0,2,0,0,0,1,0,0,0,-1,981,0,346,628
2012030134,8471214,15,1416,0,0,1,1,0,0,2,0,0,0,1,0,0,1,-1,1204,0,212,629
2012030135,8471214,15,1284,0,0,9,4,0,0,0,0,0,0,1,0,0,1,-1,1153,0,131,630
2012030136,8471214,15,1143,0,0,5,3,0,0,0,0,0,0,0,0,0,2,0,1143,0,0,631
2012030137,8471214,15,1148,0,0,1,13,0,0,0,0,0,1,1,0,0,0,0,866,45,237,632
2013020002,8471214,15,1333,1,1,9,2,1,1,2,0,0,0,0,0,0,0,-2,973,0,360,633
2013020009,8471214,15,1334,2,1,11,5,1,1,2,0,0,1,0,0,0,0,1,1158,0,176,634
2013020028,8471214,15,1325,1,0,4,3,1,0,0,0,0,1,0,0,0,1,0,1108,0,217,635
2013020050,8471214,15,1203,1,0,8,1,0,0,4,0,0,1,0,0,0,0,1,881,2,320,636
2013020067,8471214,15,1039,0,0,6,3,0,0,0,0,0,0,0,0,0,0,-3,811,0,228,637
2013020080,8471214,15,1258,1,1,4,5,0,1,2,0,0,1,1,0,0,1,-1,1111,0,147,638
2013020094,8471214,15,1300,0,0,8,2,0,0,2,0,0,1,0,0,0,2,-1,1049,18,233,639
2013020118,8471214,15,1214,1,0,4,4,1,0,0,0,0,0,0,0,0,0,0,970,0,244,640
2013020135,8471214,15,1393,2,1,7,3,0,1,0,0,0,0,1,0,0,0,0,949,0,444,641
2013020147,8471214,15,942,1,1,6,0,0,0,0,0,0,0,0,0,0,0,2,751,0,191,642
2013020165,8471214,15,1370,0,0,5,0,0,0,0,0,0,0,2,0,0,0,-1,906,0,464,643
2013020175,8471214,15,1189,0,0,3,4,0,0,0,0,0,0,0,0,0,0,-2,806,1,382,644
2013020218,8471214,15,1121,2,1,4,2,2,1,0,0,0,0,2,0,0,0,0,909,0,212,645
2013020233,8471214,15,1468,1,0,5,3,1,0,0,0,0,0,1,0,0,2,0,1209,0,259,646
2013020253,8471214,15,1478,0,1,3,4,0,1,0,0,0,0,0,0,0,0,-1,901,0,577,647
2013020260,8471214,15,1288,0,0,7,1,0,0,2,0,0,0,0,0,0,0,-1,888,0,400,648
2013020266,8471214,15,1255,1,0,6,1,0,0,0,0,0,0,2,0,0,0,-2,972,0,283,649
2013020290,8471214,15,1284,1,0,5,2,0,0,0,0,0,1,0,0,0,0,1,896,0,388,650
2013020304,8471214,15,1180,2,0,5,4,0,0,0,0,0,1,1,0,0,1,2,855,0,325,651
2013020323,8471214,15,1156,0,0,2,6,0,0,0,0,0,1,0,0,0,1,0,878,0,278,652
2013020337,8471214,15,1223,2,0,5,3,1,0,2,0,0,0,0,0,0,0,0,1039,10,174,653
2013020343,8471214,15,1484,1,0,6,8,0,0,0,0,0,0,0,0,0,0,1,1136,0,348,654
2013020368,8471214,15,1438,0,1,3,6,0,1,0,0,0,1,2,0,0,0,-2,1183,0,255,655
2013020386,8471214,15,1444,0,0,5,5,0,0,0,0,0,0,2,0,0,0,0,1024,0,420,656
2013020397,8471214,15,1227,1,0,7,0,0,0,0,0,0,0,3,0,0,0,-1,1118,0,109,657
2013020412,8471214,15,1143,0,1,4,2,0,1,2,0,0,0,0,0,0,1,-2,706,0,437,658
2013020443,8471214,15,1278,1,0,4,1,1,0,0,0,0,1,2,0,0,1,1,981,0,297,659
2013020451,8471214,15,1202,0,0,4,2,0,0,2,0,0,0,0,0,0,1,0,974,0,228,660
2013020459,8471214,15,1372,4,0,6,2,2,0,0,1,1,0,1,0,0,0,0,862,2,508,661
2013020485,8471214,15,1491,0,0,2,3,0,0,0,0,0,0,0,0,0,1,-1,1220,0,271,662
2013020499,8471214,15,1508,1,1,6,5,0,1,2,0,0,0,1,0,0,0,0,1087,0,421,663
2013020515,8471214,15,1163,1,0,4,1,1,0,0,0,0,1,0,0,0,1,-1,957,0,206,664
2013020536,8471214,15,1079,1,1,5,1,0,1,0,0,0,0,0,0,0,0,0,814,0,265,665
2013020546,8471214,15,1117,1,0,5,4,0,0,2,0,0,1,1,0,0,0,0,997,0,120,666
2013020555,8471214,15,1377,0,0,5,4,0,0,0,0,0,0,1,0,0,0,-1,975,0,402,667
2013020570,8471214,15,1198,0,0,7,5,0,0,2,0,0,1,0,0,0,0,-1,778,0,420,668
2013020585,8471214,15,1300,0,0,12,0,0,0,0,0,0,1,1,0,0,0,0,1064,0,236,669
2013020595,8471214,15,1192,0,0,7,6,0,0,2,0,0,1,1,0,0,0,-1,972,0,220,670
2013020614,8471214,15,1165,1,0,9,5,0,0,2,1,1,1,0,0,0,0,0,1068,0,97,671
2013020635,8471214,15,1284,0,1,7,0,0,1,2,0,0,0,1,0,0,0,-2,1079,0,205,672
2013020663,8471214,15,1116,0,1,2,2,0,0,0,0,0,0,0,0,0,0,1,845,0,271,673
2013020670,8471214,15,1282,1,1,5,5,0,0,0,0,0,1,0,0,0,0,1,872,0,410,674
2013020685,8471214,15,1284,0,0,6,0,0,0,0,0,0,0,1,0,0,0,0,1078,0,206,675
2013020698,8471214,15,1112,1,0,3,2,0,0,0,0,0,1,0,0,0,0,1,992,0,120,676
2013020708,8471214,15,1149,1,0,6,3,0,0,0,0,0,0,0,0,0,0,1,1029,0,120,677
2013020721,8471214,15,1328,0,0,7,2,0,0,2,0,1,0,1,0,0,0,-2,898,0,430,678
2013020738,8471214,15,1002,1,0,6,4,1,0,0,0,0,0,1,0,0,1,-1,631,0,371,679
2013020777,8471214,15,1361,1,1,6,4,0,0,0,0,0,0,0,0,0,0,3,665,0,696,680
2013020799,8471214,15,1082,2,2,7,2,1,1,0,0,0,0,1,0,0,0,1,828,0,254,681
2013020811,8471214,15,1274,0,0,2,1,0,0,2,0,0,0,0,0,0,0,-5,678,0,596,682
2013020821,8471214,15,1211,0,2,6,2,0,0,0,0,0,0,0,0,0,1,0,1025,0,186,683
2013020835,8471214,15,1445,1,0,5,2,1,0,0,0,0,1,0,0,0,0,-1,959,5,481,684
2013020849,8471214,15,1496,0,0,3,2,0,0,0,0,0,0,0,0,0,0,-1,933,0,563,685
2013020859,8471214,15,1235,1,0,5,4,0,0,0,0,0,1,0,0,0,0,0,788,0,447,686
2013020879,8471214,15,1248,0,1,4,2,0,0,0,0,0,0,0,0,0,1,2,833,0,415,687
2013020892,8471214,15,1057,1,2,4,0,0,1,0,0,0,0,0,0,0,0,0,977,0,80,688
2013020902,8471214,15,1192,2,0,9,1,2,0,0,0,0,1,2,0,0,0,-1,769,0,423,689
2013020912,8471214,15,1201,0,0,6,2,0,0,0,0,0,0,1,0,0,0,-3,717,0,484,690
2013020935,8471214,15,1371,1,1,4,6,1,1,0,0,0,0,1,0,0,2,-2,943,0,428,691
2013020938,8471214,15,1003,0,0,1,2,0,0,0,0,0,1,1,0,0,0,-1,1003,0,0,692
2013020958,8471214,15,1157,0,0,6,6,0,0,0,0,0,0,0,0,0,0,-1,967,0,190,693
2013020968,8471214,15,1141,0,0,4,7,0,0,2,0,0,0,1,0,0,0,-1,768,0,373,694
2013020981,8471214,15,1173,0,0,2,0,0,0,0,0,0,0,1,0,0,0,-1,985,0,188,695
2013020997,8471214,15,1100,1,0,3,2,1,0,2,0,0,0,2,0,0,1,-2,893,1,206,696
2013021014,8471214,15,1142,0,0,1,2,0,0,0,0,0,0,1,0,0,0,-2,881,0,261,697
2013021036,8471214,15,930,1,0,5,2,1,0,0,0,0,1,1,0,0,0,0,781,0,149,698
2013021049,8471214,15,1149,0,0,3,4,0,0,0,0,0,1,1,0,0,0,0,849,0,300,699
2013021065,8471214,15,1279,0,0,5,0,0,0,2,0,0,0,1,0,0,1,0,927,0,352,700
2013021081,8471214,15,1227,2,1,7,0,2,0,0,0,0,0,0,0,1,0,0,903,7,317,701
2013021108,8471214,15,1237,0,0,5,3,0,0,2,0,0,2,0,0,0,0,-1,886,0,351,702
2013021123,8471214,15,1240,0,0,3,2,0,0,0,0,0,1,1,0,0,0,-2,979,0,261,703
2013021133,8471214,15,1163,0,0,4,2,0,0,0,0,0,2,1,0,0,0,-2,805,2,356,704
2013021157,8471214,15,1307,1,0,4,2,0,0,0,0,0,0,0,0,0,0,1,1024,0,283,705
2013021162,8471214,15,1394,0,1,4,2,0,0,2,0,0,0,1,0,0,1,0,900,11,483,706
2013021186,8471214,15,997,1,2,2,1,1,1,0,0,0,0,1,0,0,1,1,717,0,280,707
2013021195,8471214,15,859,0,0,1,1,0,0,0,0,0,1,0,0,0,0,-2,761,0,98,708
2013021205,8471214,15,1109,1,1,3,1,1,0,2,0,0,2,0,0,0,0,1,859,0,250,709
2013021223,8471214,15,1284,0,0,2,1,0,0,0,0,0,0,1,0,0,0,0,1164,0,120,710
2014020008,8471214,15,1342,0,0,4,6,0,0,4,0,0,0,1,0,0,0,-1,1062,0,280,711
2014020018,8471214,15,1098,2,0,7,3,1,0,0,0,0,0,0,0,0,0,1,913,0,185,712
2014020040,8471214,15,1421,2,1,8,5,1,1,0,0,0,1,0,0,0,2,0,1213,0,208,713
2014020052,8471214,15,1072,1,0,5,2,0,0,0,0,0,0,0,0,0,2,1,659,0,413,714
2014020069,8471214,15,1246,0,0,2,7,0,0,0,0,0,0,2,0,0,0,0,1159,0,87,715
2014020091,8471214,15,1182,0,0,2,2,0,0,0,0,0,0,3,0,0,0,-1,1051,0,131,716
2014020116,8471214,15,1057,0,0,1,4,0,0,0,0,0,1,0,0,0,2,1,906,0,151,717
2014020121,8471214,15,1311,0,0,2,4,0,0,0,0,1,0,0,0,0,1,0,1140,23,148,718
2014020136,8471214,15,1191,0,0,7,5,0,0,0,0,1,1,2,0,0,0,-2,810,0,381,719
2014020155,8471214,15,1251,0,1,6,1,0,0,0,0,0,0,0,0,0,0,-1,1138,0,113,720
2014020167,8471214,15,1345,1,3,7,5,1,1,4,0,0,1,1,0,0,0,1,1104,0,241,721
2014020175,8471214,15,1211,0,2,7,1,0,1,0,0,0,0,1,0,0,1,-1,966,0,245,722
2014020200,8471214,15,1357,0,0,3,3,0,0,2,0,0,1,0,0,0,1,0,1290,0,67,723
2014020209,8471214,15,1419,0,1,4,0,0,0,0,0,0,0,1,0,0,0,0,1211,0,208,724
2014020223,8471214,15,1138,2,0,8,3,1,0,0,0,0,0,3,0,0,1,0,746,0,392,725
2014020243,8471214,15,1368,0,0,2,1,0,0,0,0,0,1,0,0,0,0,0,954,0,414,726
2014020258,8471214,15,1219,0,0,3,3,0,0,0,0,0,1,1,0,0,0,-2,1219,0,0,727
2014020276,8471214,15,1265,0,0,3,3,0,0,2,0,0,1,0,0,0,0,-1,952,0,313,728
2014020286,8471214,15,1135,1,1,4,3,0,0,0,0,0,1,0,0,0,1,2,1081,0,54,729
2014020301,8471214,15,1206,0,0,8,5,0,0,0,0,0,0,0,0,0,0,0,1178,0,28,730
2014020324,8471214,15,1250,2,0,4,3,2,0,2,0,0,2,2,0,0,1,0,1174,0,76,731
2014020335,8471214,15,1118,1,0,3,2,0,0,0,0,0,0,1,0,0,1,1,1027,0,91,732
2014020344,8471214,15,1245,0,0,7,4,0,0,0,0,0,0,1,0,0,2,0,907,5,333,733
2014020365,8471214,15,1361,0,0,1,3,0,0,2,0,0,1,0,0,0,0,1,1241,0,120,734
2014020377,8471214,15,1088,0,0,3,4,0,0,0,0,0,1,0,0,0,0,0,867,0,221,735
2014020396,8471214,15,1105,0,0,1,0,0,0,0,0,0,0,0,0,0,1,0,879,0,226,736
2014020414,8471214,15,895,2,0,7,4,0,0,0,0,0,2,0,0,0,0,1,745,0,150,737
2014020424,8471214,15,1483,0,0,9,5,0,0,2,0,0,0,0,0,0,0,0,969,0,514,738
2014020440,8471214,15,1212,0,2,7,5,0,0,2,0,0,0,0,0,0,0,3,851,0,361,739
2014020457,8471214,15,1248,0,1,6,7,0,1,0,0,0,0,0,0,0,0,-1,1082,0,166,740
2014020470,8471214,15,1323,0,0,6,3,0,0,2,0,0,1,0,0,0,0,2,1029,0,294,741
2014020483,8471214,15,1224,1,0,5,3,0,0,2,0,0,1,0,0,0,0,3,898,0,326,742
2014020497,8471214,15,1267,0,0,5,4,0,0,0,0,0,1,1,0,0,0,-1,924,3,340,743
2014020506,8471214,15,1198,1,0,6,8,1,0,2,0,0,0,1,0,0,0,-1,828,5,365,744
2014020518,8471214,15,1414,0,0,10,5,0,0,2,0,0,1,0,0,0,1,0,1034,0,380,745
2014020531,8471214,15,1139,1,1,6,5,0,0,2,0,0,1,2,0,0,1,2,852,0,287,746
2014020556,8471214,15,1172,1,1,4,4,0,1,0,1,1,0,1,0,0,0,1,946,0,226,747
2014020577,8471214,15,1028,1,1,3,3,1,0,0,0,0,1,2,0,0,0,1,882,0,146,748
2014020594,8471214,15,1171,1,0,3,1,0,0,0,0,0,2,0,0,0,1,1,987,13,171,749
2014020599,8471214,15,1266,1,0,4,1,1,0,0,0,0,1,1,0,0,0,0,1011,0,255,750
2014020617,8471214,15,1137,0,0,3,3,0,0,0,0,0,1,0,0,0,0,0,962,0,175,751
2014020628,8471214,15,1117,1,0,3,1,1,0,0,0,0,0,1,0,0,0,0,860,0,257,752
2014020641,8471214,15,1125,0,0,5,2,0,0,0,1,1,0,1,0,0,0,0,966,0,159,753
2014020657,8471214,15,1238,2,0,9,1,1,0,0,0,0,1,0,0,0,2,1,1088,0,150,754
2014020668,8471214,15,1193,1,1,2,4,0,0,0,0,0,1,0,0,0,0,1,997,0,196,755
2014020685,8471214,15,1124,2,0,4,1,1,0,0,0,0,0,0,0,0,0,0,965,0,159,756
2014020701,8471214,15,1312,0,0,6,1,0,0,0,0,0,0,2,0,0,1,-1,984,15,313,757
2014020709,8471214,15,1023,2,0,5,1,1,0,4,0,0,2,0,0,0,0,1,818,0,205,758
2014020727,8471214,15,1518,0,0,8,5,0,0,2,0,1,0,0,0,0,0,-1,1041,0,477,759
2014020739,8471214,15,1376,2,1,10,4,1,0,2,0,0,0,0,0,0,0,0,978,0,398,760
2014020747,8471214,15,1156,0,1,3,3,0,0,0,0,0,0,0,0,0,0,1,935,0,221,761
2014020761,8471214,15,1098,1,0,3,4,0,0,4,0,0,0,1,0,0,0,1,1051,0,47,762
2014020769,8471214,15,1176,0,0,3,4,0,0,2,0,0,0,2,0,0,0,-1,1085,2,89,763
2014020786,8471214,15,1334,1,0,3,2,1,0,0,0,0,1,2,0,0,0,-1,777,9,548,764
2014020808,8471214,15,1274,0,1,6,3,0,1,0,0,0,1,2,0,0,1,-1,1083,0,191,765
2014020832,8471214,15,1281,1,0,5,4,0,0,0,0,0,0,1,0,0,0,-1,1156,1,124,766
2014020836,8471214,15,970,2,2,7,3,1,0,0,0,0,1,3,0,0,0,2,654,0,316,767
2014020848,8471214,15,1221,1,1,7,1,1,1,0,0,0,0,0,0,0,1,0,801,0,420,768
2014020863,8471214,15,1198,1,1,6,0,0,1,0,0,0,1,1,0,0,1,1,719,0,479,769
2014020873,8471214,15,1235,0,0,3,3,0,0,0,0,0,0,1,0,0,1,1,1144,0,91,770
2014020884,8471214,15,1426,0,0,5,2,0,0,0,0,0,1,0,0,0,0,-1,980,0,446,771
2014020906,8471214,15,1415,1,0,5,8,1,0,0,0,0,2,1,0,0,0,-1,900,0,515,772
2014020919,8471214,15,1259,0,0,2,1,0,0,0,0,0,1,3,0,0,1,-2,1146,0,113,773
2014020936,8471214,15,1081,2,1,6,2,0,1,0,0,0,3,1,0,0,1,2,870,4,207,774
2014020944,8471214,15,1258,2,0,8,1,1,0,0,0,0,0,0,0,0,0,1,1070,0,188,775
2014020974,8471214,15,1109,1,1,8,2,1,0,0,0,0,0,0,0,0,0,0,905,0,204,776
2014021000,8471214,15,1206,1,0,4,4,1,0,2,0,0,1,1,0,0,1,-2,943,0,263,777
2014021014,8471214,15,1332,0,1,3,6,0,0,0,0,0,0,1,0,0,0,1,1008,0,324,778
2014021035,8471214,15,1055,0,0,4,3,0,0,0,0,0,1,1,0,0,1,1,1039,0,16,779
2014021037,8471214,15,1350,0,0,9,3,0,0,4,0,0,0,0,0,0,0,0,1138,0,212,780
2014021057,8471214,15,1243,2,0,6,2,0,0,0,0,0,1,1,0,0,0,2,822,0,421,781
2014021074,8471214,15,1258,0,0,2,1,0,0,0,0,0,1,0,0,0,0,-3,1014,0,244,782
2014021104,8471214,15,1257,0,0,4,3,0,0,0,0,0,1,1,0,0,0,-1,1206,0,51,783
2014021115,8471214,15,1344,0,0,6,6,0,0,2,0,0,0,1,0,0,1,-1,1200,0,144,784
2014021128,8471214,15,989,2,0,4,0,1,0,2,0,0,0,0,0,0,0,0,729,0,260,785
2014021143,8471214,15,913,1,1,4,2,0,0,0,0,0,0,0,0,0,0,2,913,0,0,786
2014021154,8471214,15,1379,2,0,4,5,2,0,0,0,0,0,1,0,0,1,0,1137,0,242,787
2014021171,8471214,15,1335,0,0,5,5,0,0,0,0,0,0,1,0,0,0,-1,1266,0,69,788
2014021180,8471214,15,1183,0,1,6,0,0,0,2,0,0,0,0,0,0,0,1,919,0,264,789
2014021201,8471214,15,1026,0,0,4,4,0,0,0,0,0,0,1,0,0,0,0,830,0,196,790
2014021217,8471214,15,1219,1,0,2,9,1,0,2,0,0,0,0,0,0,0,-1,1159,5,55,791
2014030141,8471214,15,1233,0,0,8,5,0,0,0,0,0,0,1,0,0,0,-2,1094,0,139,792
2014030142,8471214,15,1114,1,0,4,8,0,0,0,0,0,0,1,0,0,0,1,1060,0,54,793
2014030143,8471214,15,1367,0,0,3,3,0,0,0,0,0,0,2,0,0,0,0,1071,0,296,794
2014030144,8471214,15,1335,1,1,8,1,0,0,2,0,0,0,3,0,0,0,1,1239,0,96,795
2014030145,8471214,15,1103,0,0,1,2,0,0,0,0,0,1,0,0,0,0,-1,855,0,248,796
2014030146,8471214,15,1161,0,1,3,5,0,1,2,0,0,0,2,0,0,1,-3,933,0,228,797
2014030147,8471214,15,1012,0,1,1,7,0,0,0,0,0,1,0,0,0,1,1,1012,0,0,798
2014030221,8471214,15,1106,1,1,6,0,1,0,0,1,1,0,0,0,0,1,1,1016,0,90,799
2014030222,8471214,15,1189,1,0,4,9,0,0,0,0,0,1,1,0,0,0,0,1071,0,118,800
2014030223,8471214,15,1114,0,0,4,5,0,0,0,0,0,0,1,0,0,2,0,915,0,199,801
2014030224,8471214,15,1084,0,0,5,3,0,0,0,0,0,0,0,0,0,1,-1,1014,0,70,802
2014030225,8471214,15,1202,0,0,2,1,0,0,0,0,0,1,1,0,0,1,0,1048,0,154,803
2014030226,8471214,15,1433,0,0,6,5,0,0,2,0,0,1,2,0,0,0,-1,1018,0,415,804
2014030227,8471214,15,1307,1,0,6,3,0,0,0,0,0,0,0,0,0,0,1,1056,0,251,805
2015020022,8471214,15,1262,1,1,4,1,0,1,0,0,0,1,0,0,0,0,1,911,0,351,806
2015020052,8471214,15,1209,1,0,6,3,0,0,2,0,0,0,1,0,0,0,0,1072,0,137,807
2015020070,8471214,15,1114,1,0,4,4,0,0,0,0,0,2,3,0,0,0,1,998,0,116,808
2015020087,8471214,15,1055,1,1,7,1,0,0,0,0,0,0,2,0,0,0,1,821,8,226,809
2015020098,8471214,15,1153,1,0,7,0,0,0,0,0,0,0,0,0,0,0,0,924,0,229,810
2015020104,8471214,15,1173,0,2,4,2,0,0,0,0,0,0,0,0,0,0,2,884,0,289,811
2015020135,8471214,15,1347,0,0,5,4,0,0,0,0,0,1,1,0,0,0,-1,987,0,360,812
2015020147,8471214,15,1252,0,1,2,2,0,0,0,0,0,0,2,0,0,0,1,1041,0,211,813
2015020160,8471214,15,1266,0,2,2,3,0,0,0,0,0,0,0,0,0,0,1,1027,0,239,814
2015020174,8471214,15,1213,1,0,8,8,0,0,0,0,0,1,0,0,0,0,0,993,0,220,815
2015020186,8471214,15,1316,1,0,5,2,0,0,0,0,0,0,0,0,0,0,2,967,0,349,816
2015020203,8471214,15,1415,1,1,8,1,1,0,0,0,0,0,1,0,0,0,0,928,0,487,817
2015020220,8471214,15,1483,0,0,15,2,0,0,0,0,0,1,0,0,0,0,-1,1175,0,308,818
2015020232,8471214,15,1042,0,0,2,2,0,0,0,0,0,0,0,0,0,1,1,810,0,232,819
2015020243,8471214,15,1119,0,0,3,0,0,0,0,0,0,0,0,0,0,1,0,1001,0,118,820
2015020276,8471214,15,1319,0,0,6,2,0,0,0,0,0,0,2,0,0,0,0,660,0,659,821
2015020281,8471214,15,971,1,0,4,5,0,0,0,0,0,0,1,0,0,0,2,971,0,0,822
2015020298,8471214,15,1234,1,1,4,1,0,0,0,0,0,0,2,0,0,1,1,983,0,251,823
2015020311,8471214,15,1228,0,0,5,7,0,0,0,0,0,0,0,0,0,0,0,1027,0,201,824
2015020322,8471214,15,1322,1,0,8,5,1,0,2,0,0,0,1,0,0,1,0,1143,0,179,825
2015020334,8471214,15,1380,1,0,6,5,1,0,2,0,0,0,2,0,0,0,0,956,0,424,826
2015020343,8471214,15,1317,0,1,3,3,0,1,2,0,0,1,0,0,0,0,1,1123,0,194,827
2015020375,8471214,15,1229,0,1,1,2,0,0,0,0,0,0,0,0,0,0,1,948,0,281,828
2015020388,8471214,15,1302,0,0,5,5,0,0,0,0,0,1,0,0,0,0,0,1025,0,277,829
2015020409,8471214,15,1543,1,0,8,7,1,0,2,0,0,1,0,0,0,0,0,1151,0,392,830
2015020423,8471214,15,1280,1,0,5,1,0,0,4,0,0,0,0,0,0,0,-1,910,0,370,831
2015020438,8471214,15,1158,0,0,1,1,0,0,0,0,0,0,0,0,0,3,0,984,4,170,832
2015020449,8471214,15,1221,0,0,5,4,0,0,0,0,0,0,1,0,0,0,1,956,0,265,833
2015020464,8471214,15,1155,0,0,3,3,0,0,0,0,0,1,0,0,0,1,1,1056,0,99,834
2015020478,8471214,15,1148,2,2,9,4,2,1,2,0,0,0,1,0,0,1,1,899,0,249,835
2015020497,8471214,15,1041,1,0,5,3,1,0,2,0,0,0,0,0,0,1,0,821,0,220,836
2015020502,8471214,15,1264,0,0,2,1,0,0,0,0,0,1,1,0,0,2,0,1033,0,231,837
2015020519,8471214,15,1157,0,0,2,1,0,0,0,0,0,0,0,0,0,1,0,917,0,240,838
2015020535,8471214,15,1170,1,0,4,4,0,0,0,0,0,0,1,0,0,1,1,1050,0,120,839
2015020552,8471214,15,1298,2,0,10,6,0,0,4,0,0,2,2,0,0,0,2,1034,0,264,840
2015020558,8471214,15,1205,1,0,6,4,0,0,0,0,0,1,2,0,0,0,-1,1205,0,0,841
2015020576,8471214,15,1537,0,0,6,0,0,0,0,0,0,0,1,0,0,0,-1,992,0,545,842
2015020588,8471214,15,1149,0,0,2,1,0,0,0,0,0,0,1,0,0,0,-1,917,0,232,843
2015020601,8471214,15,996,1,0,8,3,0,0,2,0,0,0,1,0,0,1,2,814,0,182,844
2015020614,8471214,15,1292,2,0,5,3,1,0,0,0,0,0,0,0,0,0,2,1045,6,241,845
2015020625,8471214,15,1094,2,0,6,3,1,0,0,0,0,0,0,0,0,0,2,878,0,216,846
2015020647,8471214,15,1216,0,0,5,2,0,0,0,0,0,0,1,0,0,0,0,1014,0,202,847
2015020663,8471214,15,1271,0,0,4,2,0,0,0,0,0,0,0,0,0,0,-2,830,0,441,848
2015020673,8471214,15,1396,1,0,2,4,1,0,0,0,0,0,1,0,0,1,0,1057,0,339,849
2015020685,8471214,15,997,1,1,6,4,1,0,0,0,0,0,0,0,0,0,0,893,0,104,850
2015020720,8471214,15,1117,0,0,3,4,0,0,0,0,0,0,1,0,0,1,-1,928,0,189,851
2015020741,8471214,15,1198,0,0,6,5,0,0,2,0,0,0,2,0,0,0,1,972,0,226,852
2015020761,8471214,15,1162,1,0,5,3,0,0,2,0,0,0,0,0,0,2,1,974,0,188,853
2015020775,8471214,15,1435,0,0,4,4,0,0,0,0,0,1,0,0,0,1,0,1075,0,360,854
2015020787,8471214,15,1139,1,0,5,1,0,0,0,0,0,1,1,0,0,0,1,913,0,226,855
2015020801,8471214,15,1093,1,0,3,1,1,0,0,0,0,0,0,0,0,0,0,1002,0,91,856
2015020813,8471214,15,1187,3,0,10,2,1,0,0,0,0,0,0,0,0,2,1,778,0,409,857
2015020831,8471214,15,1312,1,0,5,4,1,0,0,0,0,0,0,0,0,1,-1,1015,0,297,858
2015020848,8471214,15,1169,0,0,10,1,0,0,0,0,0,2,3,0,0,0,-1,718,0,451,859
2015020858,8471214,15,1265,2,0,10,3,1,0,0,0,0,0,0,0,0,0,0,902,0,363,860
2015020878,8471214,15,1239,1,1,6,2,0,0,0,0,0,0,0,0,0,0,1,914,0,325,861
2015020890,8471214,15,1341,1,1,9,0,0,1,4,0,0,0,0,0,0,2,1,899,0,442,862
2015020902,8471214,15,1415,0,1,2,3,0,0,0,0,0,0,0,0,0,0,0,1068,0,347,863
2015020917,8471214,15,1153,1,1,4,3,1,0,0,0,0,0,2,0,0,0,1,1124,0,29,864
2015020930,8471214,15,1263,0,0,5,6,0,0,2,0,0,0,0,0,0,1,0,875,0,388,865
2015020951,8471214,15,1060,1,0,3,1,0,0,0,0,0,0,2,0,0,0,1,708,0,352,866
2015020966,8471214,15,1155,0,0,1,3,0,0,0,0,0,0,0,0,0,0,-2,974,0,181,867
2015020973,8471214,15,1193,0,1,5,4,0,0,5,0,0,0,1,0,0,0,0,898,0,295,868
2015020991,8471214,15,1229,0,0,5,2,0,0,2,0,0,0,1,0,0,0,-1,862,0,367,869
2015021006,8471214,15,1175,0,1,4,4,0,0,0,0,0,0,1,0,0,1,0,1130,0,45,870
2015021029,8471214,15,1290,0,1,2,5,0,1,0,0,0,1,2,0,0,2,-2,1026,0,264,871
2015021041,8471214,15,1101,1,0,7,3,0,0,0,0,0,1,1,0,0,1,0,981,0,120,872
2015021062,8471214,15,1261,0,0,5,3,0,0,2,0,0,1,0,0,0,1,0,866,0,395,873
2015021080,8471214,15,1122,0,0,3,5,0,0,0,0,0,0,0,0,0,0,0,889,0,233,874
2015021092,8471214,15,1065,1,0,4,4,1,0,0,0,0,1,1,0,0,2,-1,908,0,157,875
2015021112,8471214,15,1322,0,0,4,2,0,0,2,0,0,0,0,0,0,0,0,1087,0,235,876
2015021123,8471214,15,1218,0,0,4,3,0,0,2,0,0,0,0,0,0,0,-2,1005,0,213,877
2015021133,8471214,15,1020,0,0,2,0,0,0,0,0,0,0,0,0,0,0,1,678,0,342,878
2015021150,8471214,15,1290,1,0,3,3,1,0,2,0,0,0,0,0,0,0,0,1058,0,232,879
2015021165,8471214,15,1156,1,0,8,1,1,0,0,0,0,0,0,0,0,0,0,901,0,255,880
2015021177,8471214,15,1205,0,0,3,4,0,0,2,0,0,0,0,0,0,0,-1,965,0,240,881
2015021191,8471214,15,1248,2,0,5,0,0,0,0,0,0,1,0,0,0,1,3,1128,0,120,882
2015021206,8471214,15,1323,0,0,6,5,0,0,2,0,0,1,1,0,0,0,0,1018,0,305,883
2015021226,8471214,15,1032,3,0,9,0,0,0,0,0,0,0,0,0,0,0,2,809,0,223,884
2015030131,8471214,15,1162,0,0,3,4,0,0,0,0,0,1,0,0,0,0,0,658,0,504,885
2015030132,8471214,15,980,1,0,5,7,1,0,0,0,0,0,0,0,0,1,0,904,0,76,886
2015030133,8471214,15,1202,2,1,5,3,1,1,0,0,0,0,0,0,0,0,1,567,0,635,887
2015030134,8471214,15,1217,0,0,2,4,0,0,0,0,0,0,0,0,0,0,0,1089,0,128,888
2015030135,8471214,15,1301,0,0,8,8,0,0,0,0,0,0,0,0,0,0,-1,1030,0,271,889
2015030136,8471214,15,1288,0,1,6,2,0,0,0,0,0,0,0,0,0,0,1,872,0,416,890
2015030221,8471214,15,1501,0,1,4,7,0,0,0,0,0,0,0,0,0,0,3,1187,0,314,891
2015030222,8471214,15,1142,0,0,3,5,0,0,0,0,0,2,1,0,0,2,-1,975,0,167,892
2015030223,8471214,15,1461,1,1,7,9,0,0,0,0,0,1,1,0,0,1,1,1085,0,376,893
2015030224,8471214,15,1276,0,0,7,3,0,0,0,0,0,0,0,0,0,0,-1,1088,0,188,894
2015030225,8471214,15,1199,1,1,6,3,1,1,0,0,0,2,1,0,0,1,0,808,0,391,895
2015030226,8471214,15,1624,0,2,6,4,0,2,2,0,0,0,0,0,0,0,0,1115,0,509,896
2016020007,8471214,15,1348,0,0,5,1,0,0,0,0,0,0,1,0,0,0,-1,1077,0,271,897
2016020022,8471214,15,1147,0,0,3,2,0,0,0,0,0,2,3,0,0,0,0,661,0,486,898
2016020039,8471214,15,1091,1,1,5,2,1,0,6,0,0,3,1,0,0,0,1,732,0,359,899
2016020056,8471214,15,1002,1,0,2,3,0,0,0,0,0,0,0,0,0,0,2,895,0,107,900
2016020071,8471214,15,1184,1,0,6,4,0,0,0,0,0,1,0,0,0,0,0,1066,0,118,901
2016020096,8471214,15,1120,1,0,4,5,0,0,0,0,0,0,0,0,0,0,-2,836,1,283,902
2016020121,8471214,15,958,0,0,4,3,0,0,0,0,1,2,0,0,0,1,0,830,0,128,903
2016020130,8471214,15,905,0,1,3,0,0,1,0,0,0,1,1,0,0,1,-1,766,0,139,904
2016020138,8471214,15,1111,0,0,3,2,0,0,2,0,0,0,1,0,0,0,-1,908,0,203,905
2016020149,8471214,15,1184,2,1,8,2,1,0,0,0,0,0,0,0,0,0,0,867,0,317,906
2016020168,8471214,15,1168,1,1,6,0,0,0,0,0,0,0,1,0,0,0,3,723,0,445,907
2016020187,8471214,15,1272,0,0,4,6,0,0,0,0,0,0,0,0,0,1,-2,1004,0,268,908
2016020209,8471214,15,1049,0,0,1,3,0,0,0,0,0,0,0,0,0,1,0,1049,0,0,909
2016020218,8471214,15,1230,0,0,5,4,0,0,2,0,0,0,2,0,0,0,0,999,0,231,910
2016020232,8471214,15,852,0,0,4,3,0,0,0,0,0,0,0,0,0,0,-2,680,0,172,911
2016020243,8471214,15,1118,1,0,3,4,0,0,0,0,0,1,0,0,0,0,0,756,0,362,912
2016020256,8471214,15,1140,0,0,4,4,0,0,0,0,0,1,0,0,0,0,0,925,2,213,913
2016020271,8471214,15,1064,1,0,5,2,1,0,0,0,0,0,0,0,0,1,0,991,0,73,914
2016020291,8471214,15,929,3,0,5,0,1,0,0,0,0,1,0,0,0,0,3,720,0,209,915
2016020306,8471214,15,924,0,1,3,0,0,1,2,0,0,0,0,0,0,1,-1,644,0,280,916
2016020313,8471214,15,1342,0,1,3,4,0,0,0,0,0,0,1,0,0,1,1,917,0,425,917
2016020348,8471214,15,1487,0,0,4,3,0,0,4,0,0,0,3,0,0,1,-1,918,0,569,918
2016020364,8471214,15,1344,0,0,4,3,0,0,4,0,0,0,0,0,0,1,0,954,7,383,919
2016020380,8471214,15,1317,0,0,1,1,0,0,2,0,0,0,0,0,0,1,0,1139,0,178,920
2016020392,8471214,15,1053,0,1,3,1,0,0,0,0,0,0,0,0,0,0,0,927,0,126,921
2016020405,8471214,15,1005,0,0,6,4,0,0,0,0,0,0,0,0,0,0,0,736,0,269,922
2016020423,8471214,15,1025,1,1,5,0,1,0,0,0,0,0,0,0,0,0,1,812,0,213,923
2016020432,8471214,15,961,0,0,2,4,0,0,0,0,0,1,0,0,0,0,-1,781,0,180,924
2016020456,8471214,15,1181,1,0,6,1,1,0,2,0,0,0,0,0,0,0,0,992,0,189,925
2016020465,8471214,15,1199,0,1,3,6,0,1,0,0,0,0,0,0,0,0,0,1021,0,178,926
2016020493,8471214,15,1197,0,0,2,6,0,0,0,0,0,0,0,0,0,1,-1,1077,0,120,927
2016020508,8471214,15,1000,1,0,3,1,0,0,0,0,0,0,2,0,0,0,1,808,0,192,928
2016020518,8471214,15,1200,1,1,9,1,0,0,0,0,0,2,0,0,0,1,1,815,0,385,929
2016020533,8471214,15,1151,0,0,4,1,0,0,0,0,0,0,1,0,0,0,-1,793,0,358,930
2016020549,8471214,15,977,1,1,2,2,0,0,2,0,0,0,0,0,0,1,0,838,81,58,931
2016020560,8471214,15,1049,0,0,2,3,0,0,0,0,0,0,1,0,0,0,0,869,0,180,932
2016020566,8471214,15,979,1,0,5,4,0,0,6,0,0,0,0,0,0,0,1,875,0,104,933
2016020579,8471214,15,990,0,1,1,1,0,0,0,0,0,0,1,0,0,0,1,732,0,258,934
2016020595,8471214,15,962,0,0,3,1,0,0,0,0,0,1,0,0,0,0,1,796,0,166,935
2016020610,8471214,15,920,1,2,5,1,1,0,0,0,0,1,0,0,0,0,2,815,0,105,936
2016020622,8471214,15,1012,2,0,7,2,1,0,0,0,0,0,0,0,0,0,1,788,0,224,937
2016020634,8471214,15,969,0,1,2,0,0,0,0,0,0,0,1,0,0,0,2,969,0,0,938
2016020652,8471214,15,1076,0,1,2,7,0,0,0,0,0,0,0,0,0,0,2,902,8,166,939
2016020661,8471214,15,1251,0,2,3,9,0,1,0,0,0,0,1,0,0,1,-4,913,0,338,940
2016020680,8471214,15,1092,0,2,2,1,0,0,0,0,0,0,0,0,0,0,0,920,0,172,941
2016020697,8471214,15,946,1,0,3,5,1,0,0,0,0,1,0,0,0,0,0,782,4,160,942
2016020709,8471214,15,973,0,1,2,1,0,0,0,0,0,0,0,0,0,0,2,809,0,164,943
2016020719,8471214,15,1261,0,0,7,5,0,0,4,0,0,0,0,0,0,1,-2,774,0,487,944
2016020729,8471214,15,1050,1,1,4,2,0,1,0,0,0,1,1,0,0,0,1,820,0,230,945
2016020741,8471214,15,1183,1,0,4,2,0,0,0,0,0,0,2,0,0,0,0,1103,0,80,946
2016020755,8471214,15,1169,1,0,5,2,1,0,0,0,0,1,2,0,0,1,2,936,0,233,947
2016020771,8471214,15,1082,0,0,5,0,0,0,0,0,0,0,0,0,0,0,0,837,0,245,948
2016020784,8471214,15,1104,0,1,4,2,0,0,0,0,0,1,2,0,0,0,1,921,0,183,949
2016020793,8471214,15,1038,1,1,4,1,1,1,0,0,0,1,0,0,0,2,0,789,0,249,950
2016020806,8471214,15,834,0,0,0,4,0,0,0,0,0,0,1,0,0,0,1,790,0,44,951
2016020824,8471214,15,894,0,1,2,4,0,0,2,0,0,0,2,0,0,1,-2,704,0,190,952
2016020860,8471214,15,1271,0,0,4,3,0,0,0,0,0,0,1,0,0,0,-1,856,0,415,953
2016020869,8471214,15,1082,1,0,4,4,1,0,0,0,0,0,1,0,0,0,-1,894,0,188,954
2016020892,8471214,15,1038,0,2,0,5,0,0,2,0,0,0,1,0,0,1,2,954,0,84,955
2016020900,8471214,15,1111,0,0,3,2,0,0,0,0,0,0,0,0,0,0,0,871,0,240,956
2016020906,8471214,15,1236,0,0,0,2,0,0,4,0,0,0,0,0,0,1,0,1149,0,87,957
2016020924,8471214,15,1070,0,0,4,6,0,0,0,0,0,0,0,0,0,0,0,942,1,127,958
2016020939,8471214,15,1233,0,0,3,4,0,0,0,0,0,1,0,0,0,1,0,801,4,428,959
2016020957,8471214,15,1145,0,1,1,4,0,1,2,0,0,1,2,0,0,0,-1,818,0,327,960
2016020969,8471214,15,1250,0,0,9,4,0,0,0,0,0,0,0,0,0,0,0,978,0,272,961
2016020994,8471214,15,1286,0,0,2,2,0,0,0,0,0,0,0,0,0,0,-1,791,0,495,962
2016021010,8471214,15,1128,0,0,6,4,0,0,0,0,0,0,0,0,0,0,0,889,21,218,963
2016021014,8471214,15,1143,0,1,4,2,0,0,0,0,0,0,0,0,0,1,-1,803,0,340,964
2016021025,8471214,15,1091,1,1,3,4,0,0,0,0,0,0,1,0,0,0,1,819,0,272,965
2016021039,8471214,15,1110,0,0,3,1,0,0,0,0,0,0,0,0,0,1,-1,1048,0,62,966
2016021057,8471214,15,1267,0,1,7,1,0,0,0,0,0,0,1,0,0,1,2,1076,0,191,967
2016021078,8471214,15,1090,1,1,11,1,1,0,0,0,0,0,1,0,0,0,1,904,0,186,968
2016021090,8471214,15,1212,0,0,8,2,0,0,0,0,0,0,0,0,0,0,-1,940,0,272,969
2016021112,8471214,15,1049,1,0,4,0,1,0,2,0,0,0,1,0,0,0,0,729,0,320,970
2016021133,8471214,15,975,3,1,6,1,3,0,0,0,0,0,0,0,0,0,1,811,0,164,971
2016021139,8471214,15,1083,0,0,1,0,0,0,0,0,0,2,1,0,0,0,-1,821,0,262,972
2016021156,8471214,15,1048,0,0,3,4,0,0,0,0,0,1,0,0,0,1,-1,1007,0,41,973
2016021169,8471214,15,927,0,0,2,3,0,0,2,0,0,0,1,0,0,1,0,820,0,107,974
2016021182,8471214,15,1137,0,1,3,4,0,1,0,0,0,0,2,0,0,1,0,986,5,146,975
2016021193,8471214,15,1162,0,1,2,5,0,1,0,0,0,1,1,0,0,1,0,1023,0,139,976
2016021209,8471214,15,1072,0,1,3,3,0,0,0,0,0,1,1,0,0,0,1,763,0,309,977
2016021228,8471214,15,1076,0,0,5,0,0,0,0,0,0,0,0,0,0,0,-1,912,0,164,978
2016030131,8471214,15,1192,0,0,1,3,0,0,0,0,0,1,0,0,0,0,-1,977,0,215,979
2016030132,8471214,15,1475,1,0,9,7,1,0,2,0,0,0,1,0,0,2,1,1172,0,303,980
2016030133,8471214,15,908,1,0,5,4,0,0,0,0,0,0,0,0,0,2,0,760,0,148,981
2016030134,8471214,15,991,1,0,3,5,1,0,0,0,0,2,0,0,0,0,1,955,0,36,982
2016030135,8471214,15,1169,0,0,3,6,0,0,0,0,0,0,2,0,0,1,0,944,0,225,983
2016030136,8471214,15,1365,0,0,7,3,0,0,0,0,0,2,0,0,0,0,0,1246,0,119,984
2016030221,8471214,15,1151,1,0,3,6,0,0,2,0,0,0,0,0,0,0,0,1151,0,0,985
2016030222,8471214,15,1399,0,2,3,4,0,1,0,0,0,1,0,0,0,2,-2,969,0,430,986
2016030223,8471214,15,1167,0,1,2,4,0,1,0,0,0,0,1,0,0,0,0,812,0,355,987
2016030224,8471214,15,1177,0,0,2,6,0,0,4,0,0,0,0,0,0,0,0,797,60,320,988
2016030225,8471214,15,1066,1,0,4,6,0,0,0,0,0,0,1,0,0,1,0,747,0,319,989
2016030226,8471214,15,1046,0,0,3,3,0,0,0,0,0,0,0,0,0,0,-1,731,0,315,990
2016030227,8471214,15,1102,0,0,4,4,0,0,0,0,0,1,0,0,0,0,-2,909,0,193,991
2017020008,8471214,15,1151,3,0,6,2,0,0,0,0,0,0,0,0,0,1,3,1046,8,97,992
2017020022,8471214,15,1064,4,0,8,0,1,0,0,1,1,0,0,0,0,0,3,817,0,247,993
2017020036,8471214,15,1029,0,0,4,2,0,0,0,0,0,0,1,0,0,1,-2,759,0,270,994
2017020047,8471214,15,1176,1,0,7,1,0,0,0,0,0,0,2,0,0,0,1,824,0,352,995
2017020058,8471214,15,1140,1,1,4,1,1,1,0,0,0,0,1,0,0,0,0,762,0,378,996
2017020066,8471214,15,865,0,0,6,2,0,0,0,0,1,0,0,0,0,0,-4,707,0,158,997
2017020084,8471214,15,1244,0,0,4,3,0,0,2,0,0,0,0,0,0,0,-1,947,0,297,998
2017020106,8471214,15,1185,1,0,7,1,1,0,0,0,0,0,3,0,0,1,-1,826,0,359,999
2017020116,8471214,15,1050,0,0,4,2,0,0,0,1,1,0,1,0,0,0,-1,854,0,196,1000
2017020148,8471214,15,1292,0,1,3,1,0,0,2,0,0,1,0,0,0,0,-1,1032,0,260,1001
2017020166,8471214,15,982,0,3,5,4,0,0,0,0,0,0,0,0,0,0,4,982,0,0,1002
2017020169,8471214,15,1121,0,0,3,2,0,0,0,0,0,0,1,0,0,0,-1,866,21,234,1003
2017020187,8471214,15,1208,0,0,2,0,0,0,0,0,0,0,1,0,0,0,-1,843,0,365,1004
2017020201,8471214,15,1041,1,0,4,2,0,0,0,0,0,0,3,0,0,2,0,835,0,206,1005
2017020220,8471214,15,1249,1,0,6,3,1,0,0,0,0,1,0,0,0,0,1,828,0,421,1006
2017020223,8471214,15,1174,1,0,5,5,0,0,2,0,0,0,0,0,0,0,0,1087,0,87,1007
2017020244,8471214,15,1298,0,1,2,2,0,1,0,0,0,0,1,0,0,3,0,912,0,386,1008
2017020261,8471214,15,1428,0,0,0,2,0,0,0,0,0,0,1,0,0,1,0,1223,0,205,1009
2017020270,8471214,15,1231,0,0,8,5,0,0,2,0,0,0,1,0,0,0,-1,1026,0,205,1010
2017020285,8471214,15,1009,0,0,4,2,0,0,0,0,0,0,1,0,0,0,-1,609,0,400,1011
2017020301,8471214,15,1006,0,1,4,0,0,1,0,0,0,0,1,0,0,0,0,657,0,349,1012
2017020312,8471214,15,1170,0,0,5,0,0,0,0,0,0,0,1,0,0,0,-1,840,0,330,1013
2017020325,8471214,15,1025,1,0,3,2,0,0,2,0,1,0,2,0,0,0,1,977,0,48,1014
2017020338,8471214,15,1099,1,0,9,3,0,0,0,0,0,0,2,0,0,0,1,775,0,324,1015
2017020348,8471214,15,1124,3,0,4,2,1,0,0,0,0,0,0,0,0,0,2,930,0,194,1016
2017020381,8471214,15,1307,0,0,4,1,0,0,0,0,0,0,1,0,0,0,-2,1076,0,231,1017
2017020401,8471214,15,1047,1,0,4,4,1,0,0,0,0,0,2,0,0,0,-2,961,0,86,1018
2017020412,8471214,15,1349,1,1,4,0,0,1,0,0,0,1,1,0,0,0,0,899,0,450,1019
2017020427,8471214,15,1015,1,3,6,0,0,1,2,0,1,0,1,0,0,0,3,825,0,190,1020
2017020440,8471214,15,1231,0,1,5,1,0,0,0,0,0,1,1,0,0,0,3,935,0,296,1021
2017020460,8471214,15,1346,0,0,6,0,0,0,0,0,0,0,0,0,0,0,-1,1148,0,198,1022
2017020469,8471214,15,918,0,0,2,3,0,0,0,0,0,0,2,0,0,0,2,903,0,15,1023
2017020479,8471214,15,1245,1,1,4,0,0,1,0,0,0,0,1,0,0,0,2,893,0,352,1024
2017020502,8471214,15,1369,1,1,4,2,0,0,0,0,0,0,0,0,0,0,2,1369,0,0,1025
2017020522,8471214,15,1191,0,0,4,1,0,0,0,0,0,0,0,0,0,1,0,840,1,350,1026
2017020542,8471214,15,1281,0,0,2,0,0,0,0,0,0,0,1,0,0,0,1,1073,0,208,1027
2017020555,8471214,15,1223,0,0,3,7,0,0,2,0,0,0,0,0,0,0,-1,885,0,338,1028
2017020561,8471214,15,1278,0,0,4,3,0,0,2,0,0,0,3,0,0,0,0,1057,0,221,1029
2017020569,8471214,15,1380,1,0,4,5,1,0,0,0,0,1,1,0,0,0,0,950,0,430,1030
2017020589,8471214,15,1200,0,3,6,0,0,1,0,0,0,1,1,0,0,0,1,1025,0,175,1031
2017020605,8471214,15,1201,2,0,2,1,0,0,0,0,0,0,0,0,0,0,3,961,0,240,1032
2017020644,8471214,15,1370,1,1,2,0,1,1,0,0,0,0,1,0,0,1,-1,1071,0,299,1033
2017020654,8471214,15,1165,0,1,2,4,0,0,0,0,0,0,3,0,0,0,1,962,0,203,1034
2017020663,8471214,15,1360,0,0,5,2,0,0,0,0,0,1,0,0,0,0,-3,1089,0,271,1035
2017020667,8471214,15,1354,1,2,3,1,0,1,0,0,0,2,1,0,0,0,2,931,7,416,1036
2017020695,8471214,15,1308,0,0,2,4,0,0,2,0,0,0,2,0,0,0,-1,804,0,504,1037
2017020706,8471214,15,1266,0,1,1,2,0,1,2,0,0,0,4,0,0,2,-1,956,0,310,1038
2017020721,8471214,15,1085,1,0,4,3,1,0,0,0,1,1,0,0,0,0,-1,806,0,279,1039
2017020752,8471214,15,1494,1,1,8,1,0,1,0,0,0,0,1,0,0,0,2,964,0,530,1040
2017020775,8471214,15,1420,0,0,2,2,0,0,0,0,0,1,0,0,0,0,-2,1180,0,240,1041
2017020788,8471214,15,1191,2,1,5,2,0,0,0,0,0,0,0,0,0,0,2,870,0,321,1042
2017020805,8471214,15,1274,0,0,1,3,0,0,0,0,0,0,1,0,0,0,0,1052,0,222,1043
2017020815,8471214,15,1129,0,2,8,2,0,0,0,0,0,0,0,0,0,1,2,1053,0,76,1044
2017020837,8471214,15,1245,0,0,0,1,0,0,0,0,0,1,1,0,0,2,-2,865,5,375,1045
2017020852,8471214,15,1243,1,1,3,0,1,1,0,0,1,0,0,0,0,0,-2,1023,0,220,1046
2017020873,8471214,15,1250,0,1,5,2,0,0,0,0,0,0,0,0,0,0,-2,1025,0,225,1047
2017020885,8471214,15,1068,1,3,7,0,0,0,0,0,0,0,0,0,0,0,4,876,0,192,1048
2017020902,8471214,15,1102,0,0,0,4,0,0,4,0,0,0,1,0,0,0,-1,999,0,103,1049
2017020913,8471214,15,1074,1,0,3,4,0,0,0,0,0,0,1,0,0,0,0,1013,0,61,1050
2017020921,8471214,15,1394,1,0,9,1,0,0,0,0,0,0,0,0,0,0,0,1081,97,216,1051
2017020936,8471214,15,1307,0,1,5,1,0,1,0,0,0,1,0,0,0,0,-1,1041,0,266,1052
2017020953,8471214,15,1133,2,0,11,0,1,0,0,0,0,0,1,0,0,0,0,1093,0,40,1053
2017020964,8471214,15,1328,1,0,8,1,1,0,0,0,0,0,2,0,0,0,-2,1048,4,276,1054
2017020971,8471214,15,1107,0,0,1,0,0,0,0,0,0,1,0,0,0,1,-1,876,0,231,1055
2017021005,8471214,15,1171,1,0,3,0,0,0,0,0,0,0,0,0,0,1,0,1052,0,119,1056
2017021028,8471214,15,1478,0,0,2,0,0,0,0,0,0,1,2,0,0,0,-2,1127,0,351,1057
2017021042,8471214,15,1465,0,0,3,3,0,0,0,0,0,1,0,0,0,0,-1,1124,0,341,1058
2017021054,8471214,15,1014,0,0,6,2,0,0,0,0,0,0,0,0,0,0,0,1011,3,0,1059
2017021065,8471214,15,1387,2,0,8,5,1,0,0,0,0,0,0,0,0,0,0,1039,0,348,1060
2017021084,8471214,15,1124,0,1,2,0,0,0,0,0,0,0,0,0,0,0,2,1017,0,107,1061
2017021092,8471214,15,1326,0,1,3,1,0,1,2,0,0,1,0,0,0,0,0,786,0,540,1062
2017021112,8471214,15,1128,1,1,2,0,0,0,0,1,1,1,1,0,0,0,-1,958,0,170,1063
2017021123,8471214,15,1333,1,2,6,1,1,0,2,0,0,0,0,0,0,0,1,1075,1,257,1064
2017021141,8471214,15,1381,0,0,4,1,0,0,0,0,0,0,3,0,0,0,0,1029,1,351,1065
2017021154,8471214,15,1178,0,0,4,1,0,0,2,0,0,1,1,0,0,1,0,1016,0,162,1066
2017021170,8471214,15,1061,1,1,8,0,1,0,0,0,0,1,0,0,0,0,1,764,0,297,1067
2017021187,8471214,15,1222,0,0,5,1,0,0,0,0,0,1,2,0,0,0,2,881,0,341,1068
2017021202,8471214,15,1276,0,0,2,2,0,0,0,0,0,0,0,0,0,0,-3,1106,0,170,1069
2017021221,8471214,15,1367,0,0,4,4,0,0,2,0,0,0,2,0,0,0,1,912,0,455,1070
2017021226,8471214,15,1016,1,0,5,1,1,0,0,0,0,1,0,0,0,1,-2,867,0,149,1071
2017021244,8471214,15,1314,1,0,4,0,1,0,0,0,0,1,3,0,0,0,-1,1029,0,285,1072
2017021262,8471214,15,1260,2,0,8,0,0,0,0,0,0,2,0,0,0,1,1,1036,0,224,1073
2017030131,8471214,15,1542,0,0,4,2,0,0,0,0,0,0,1,0,0,1,0,973,0,569,1074
2017030132,8471214,15,1801,2,0,10,5,2,0,0,0,0,1,0,0,0,0,0,1159,0,642,1075
2017030133,8471214,15,1763,0,2,5,1,0,1,0,0,0,0,0,0,0,0,-1,1412,0,351,1076
2017030134,8471214,15,1147,1,1,4,0,0,1,0,0,0,1,2,0,0,0,1,994,0,153,1077
2017030135,8471214,15,1420,0,0,7,1,0,0,0,0,0,1,0,0,0,0,-1,1141,0,279,1078
2017030136,8471214,15,968,2,0,3,1,1,0,0,0,0,0,0,0,0,2,0,707,0,261,1079
2017030221,8471214,15,1119,1,1,3,3,0,0,0,0,0,1,1,0,0,0,0,1089,0,30,1080
2017030222,8471214,15,1108,1,0,4,4,0,0,0,0,0,0,2,0,0,0,1,803,0,305,1081
2017030223,8471214,15,1224,1,1,2,4,0,1,2,0,0,1,1,0,0,0,1,878,0,346,1082
2017030224,8471214,15,1261,0,0,0,7,0,0,0,0,0,1,2,0,0,0,-1,998,7,256,1083
2017030225,8471214,15,1133,0,1,3,2,0,0,4,0,0,0,1,0,0,0,2,931,0,202,1084
2017030226,8471214,15,1383,0,1,5,7,0,0,0,0,0,1,0,0,0,0,1,1272,0,111,1085
2017030311,8471214,15,1060,1,1,3,3,1,1,0,0,0,0,0,0,0,1,0,798,0,262,1086
2017030312,8471214,15,1029,1,1,4,5,0,1,0,0,0,0,1,0,0,1,2,915,0,114,1087
2017030313,8471214,15,1536,0,0,9,2,0,0,0,0,0,1,0,0,0,1,0,1207,0,329,1088
2017030314,8471214,15,1424,0,1,3,4,0,0,0,0,0,0,1,0,0,1,0,961,0,463,1089
2017030315,8471214,15,1216,1,0,3,6,0,0,0,0,0,0,1,0,0,0,-1,1216,0,0,1090
2017030316,8471214,15,1015,0,0,4,4,0,0,0,0,0,0,1,0,0,1,0,932,0,83,1091
2017030317,8471214,15,1058,1,0,4,5,0,0,0,0,0,1,1,0,0,1,1,958,0,100,1092
2017030411,8471214,15,1149,0,1,2,4,0,0,0,0,0,1,0,0,0,1,0,1029,0,120,1093
2017030412,8471214,15,1036,1,0,3,5,1,0,0,0,0,0,0,0,0,1,0,919,0,117,1094
2017030413,8471214,15,1048,1,0,5,2,0,0,0,0,0,1,1,0,0,2,1,679,0,369,1095
2017030414,8471214,15,1215,0,1,4,2,0,0,0,0,0,1,1,0,0,0,2,911,0,304,1096
2017030415,8471214,15,1191,1,0,5,2,1,0,2,0,0,2,0,0,0,1,0,850,0,341,1097
2018020002,8471214,15,987,1,1,5,0,1,1,0,0,1,0,1,0,0,0,0,723,0,264,1098
2018020007,8471214,15,1207,1,0,3,3,0,0,0,0,0,0,1,0,0,0,1,978,0,229,1099
2018020043,8471214,15,1079,2,0,7,2,0,0,0,0,0,1,0,0,0,1,2,714,6,359,1100
2018020048,8471214,15,1437,0,0,2,7,0,0,0,0,0,0,1,0,0,0,-1,1065,0,372,1101
2018020065,8471214,15,1294,0,2,2,2,0,1,0,0,0,0,1,0,0,0,0,1059,0,235,1102
2018020087,8471214,15,1408,2,0,6,3,2,0,0,0,0,2,1,0,0,1,-1,1016,0,392,1103
2018020099,8471214,15,1370,0,0,2,4,0,0,2,0,0,0,1,0,0,0,0,1095,19,256,1104
2018020121,8471214,15,1056,2,2,7,1,1,1,0,0,0,0,0,0,0,0,2,718,0,338,1105
2018020142,8471214,15,1007,0,0,3,3,0,0,0,0,1,0,0,0,0,0,-3,960,0,47,1106
2018020151,8471214,15,1185,0,1,2,0,0,1,0,0,0,0,1,0,0,1,0,1020,0,165,1107
2018020182,8471214,15,1115,2,0,4,6,0,0,0,0,0,0,0,0,0,1,-2,1004,0,111,1108
2018020200,8471214,15,1468,0,0,4,7,0,0,0,1,1,0,1,0,0,0,-2,1150,0,318,1109
2018020213,8471214,15,1192,1,0,3,3,1,0,2,0,0,1,0,0,0,0,0,1027,0,165,1110
2018020224,8471214,15,1472,1,0,3,2,1,0,0,0,0,0,0,0,0,2,1,832,0,640,1111
2018020237,8471214,15,1399,0,0,2,1,0,0,0,0,0,1,1,0,0,1,0,945,0,454,1112
2018020255,8471214,15,1285,0,1,2,5,0,0,0,0,0,1,0,0,0,0,0,1091,0,194,1113
2018020269,8471214,15,1011,0,1,2,1,0,0,0,0,0,0,0,0,0,0,2,791,0,220,1114
2018020274,8471214,15,1461,0,0,9,3,0,0,2,0,0,2,1,0,0,0,-2,1129,0,332,1115
2018020289,8471214,15,1435,1,0,7,2,0,0,0,0,0,0,0,0,0,0,1,1116,0,319,1116
2018020311,8471214,15,1313,2,0,5,2,1,0,0,0,0,0,0,0,0,0,1,1163,0,150,1117
2018020322,8471214,15,1341,0,1,2,1,0,0,2,0,0,0,2,0,0,1,1,1118,0,223,1118
2018020335,8471214,15,1320,1,1,3,6,0,0,2,0,0,0,3,0,0,1,2,1014,0,306,1119
2018020347,8471214,15,1270,1,0,2,7,0,0,0,0,0,0,1,0,0,1,1,1076,0,194,1120
2018020364,8471214,15,1160,1,0,3,4,0,0,2,0,0,0,2,0,0,1,1,1020,3,137,1121
2018020391,8471214,15,1289,1,2,4,2,0,0,0,0,0,1,2,0,0,0,3,980,0,309,1122
2018020407,8471214,15,1453,0,1,6,1,0,0,0,0,0,0,0,0,0,1,0,1045,0,408,1123
2018020424,8471214,15,1317,1,0,3,7,0,0,0,0,0,0,0,0,0,1,-1,795,0,522,1124
2018020436,8471214,15,1068,1,0,4,3,0,0,0,0,0,0,2,0,0,0,1,990,0,78,1125
2018020451,8471214,15,1207,1,1,5,1,0,0,0,0,1,1,0,0,0,2,2,878,0,329,1126
2018020467,8471214,15,1178,3,0,4,1,0,0,0,0,0,0,0,0,0,0,3,1053,0,125,1127
2018020491,8471214,15,1270,3,0,5,2,1,0,2,0,0,1,2,0,0,0,1,1178,0,92,1128
2018020500,8471214,15,1534,1,0,8,4,0,0,0,0,0,0,2,0,0,0,1,1090,0,444,1129
2018020528,8471214,15,1514,0,0,5,6,0,0,2,0,0,0,1,0,0,1,0,1032,0,482,1130
2018020543,8471214,15,1221,0,0,1,0,0,0,0,0,0,1,1,0,0,1,-1,780,0,441,1131
2018020553,8471214,15,1220,0,1,6,3,0,0,0,0,0,0,0,0,0,0,1,976,0,244,1132
2018020570,8471214,15,1268,0,1,4,2,0,1,0,0,0,1,1,0,0,0,0,875,0,393,1133
2018020589,8471214,15,1138,0,0,2,2,0,0,0,0,0,2,2,0,0,1,0,1138,0,0,1134
2018020599,8471214,15,1264,0,0,4,5,0,0,2,0,0,2,0,0,0,0,-1,1144,0,120,1135
2018020627,8471214,15,1172,1,0,3,2,0,0,0,0,0,0,0,0,0,1,-2,850,0,322,1136
2018020632,8471214,15,1333,0,0,6,5,0,0,2,0,0,0,0,0,0,3,-1,998,0,335,1137
2018020648,8471214,15,1257,0,1,4,0,0,0,2,0,0,0,0,0,0,0,2,877,0,380,1138
2018020661,8471214,15,1350,0,0,5,2,0,0,0,0,0,3,1,0,0,1,-1,944,2,404,1139
2018020671,8471214,15,1258,2,0,5,4,0,0,0,0,0,0,4,0,0,1,2,1082,0,176,1140
2018020692,8471214,15,1276,0,1,2,3,0,0,2,0,0,1,0,0,0,0,0,1213,0,63,1141
2018020709,8471214,15,1283,1,0,3,2,1,0,2,0,0,0,0,0,0,0,0,1018,0,265,1142
2018020716,8471214,15,1137,0,1,4,4,0,1,0,0,0,1,0,0,0,0,-3,963,0,174,1143
2018020735,8471214,15,1188,0,0,3,2,0,0,0,0,0,2,0,0,0,1,-1,963,0,225,1144
2018020751,8471214,15,1176,0,0,2,6,0,0,2,0,0,0,1,0,0,0,1,976,0,200,1145
2018020760,8471214,15,1228,3,1,5,0,1,0,0,0,0,0,1,0,0,3,-1,1061,0,167,1146
2018020765,8471214,15,1199,1,0,3,3,0,0,2,0,0,1,2,0,0,2,0,1081,0,118,1147
2018020802,8471214,15,1457,0,0,3,3,0,0,0,0,0,3,3,0,0,0,0,1183,7,267,1148
2018020814,8471214,15,1107,0,1,3,0,0,0,0,0,0,0,1,0,0,1,-1,1023,0,84,1149
2018020827,8471214,15,1522,0,2,7,1,0,1,0,0,0,0,3,0,0,0,0,842,0,680,1150
2018020848,8471214,15,1141,0,1,2,3,0,0,0,0,0,0,0,0,0,0,0,1030,0,111,1151
2018020861,8471214,15,981,1,2,8,0,1,0,0,0,0,1,1,0,0,0,1,596,0,385,1152
2018020866,8471214,15,1268,0,0,2,3,0,0,0,0,0,0,0,0,0,1,-2,1180,0,88,1153
2018020887,8471214,15,1118,1,1,4,0,0,1,0,0,0,1,0,0,0,0,1,787,0,331,1154
2018020909,8471214,15,1348,1,0,7,5,0,0,0,0,0,0,2,0,0,2,1,998,0,350,1155
2018020914,8471214,15,1131,2,0,3,0,2,0,2,0,0,0,0,0,0,0,0,1028,0,103,1156
2018020929,8471214,15,1101,1,0,3,2,1,0,0,0,1,1,1,0,0,0,-1,866,0,235,1157
2018020945,8471214,15,1340,1,0,8,5,0,0,0,0,0,0,1,0,0,0,1,1106,0,234,1158
2018020956,8471214,15,1196,0,1,3,3,0,0,0,0,0,0,0,0,0,1,-1,877,0,319,1159
2018020971,8471214,15,962,0,2,6,1,0,0,0,0,0,2,1,0,0,0,2,924,0,38,1160
2018020993,8471214,15,1199,1,0,5,2,1,0,2,0,0,0,3,0,0,0,0,1118,0,81,1161
2018021009,8471214,15,1415,0,0,6,1,0,0,0,0,0,0,1,0,0,1,-1,996,0,419,1162
2018021029,8471214,15,1151,1,1,1,0,1,0,0,0,0,0,1,0,0,1,0,897,0,254,1163
2018021045,8471214,15,1234,0,0,5,1,0,0,0,0,0,1,1,0,0,0,0,842,0,392,1164
2018021061,8471214,15,1152,0,0,1,1,0,0,0,0,0,2,1,0,0,0,0,942,0,210,1165
2018021073,8471214,15,1141,0,1,5,8,0,1,2,0,0,2,2,0,0,0,-2,972,0,169,1166
2018021085,8471214,15,985,0,1,5,3,0,0,0,0,0,0,0,0,0,0,2,724,0,261,1167
2018021105,8471214,15,1557,2,0,7,3,1,0,0,0,0,0,1,0,0,0,-1,1135,0,422,1168
2018021122,8471214,15,1106,0,1,0,0,0,0,0,0,0,0,0,0,0,0,1,1006,0,100,1169
2018021133,8471214,15,1654,0,1,11,5,0,1,2,0,0,0,1,0,0,0,-1,962,0,692,1170
2018021148,8471214,15,1362,0,0,1,2,0,0,0,0,0,0,1,0,0,0,-2,1010,0,352,1171
2018021164,8471214,15,1249,0,1,6,0,0,0,2,0,0,0,1,0,0,1,1,1032,0,217,1172
2018021178,8471214,15,1248,1,1,5,2,0,0,0,0,0,3,1,0,0,0,3,1037,0,211,1173
2018021190,8471214,15,1330,0,0,4,1,0,0,0,0,0,1,0,0,0,1,-2,1210,0,120,1174
2018021206,8471214,15,1348,2,0,8,4,1,0,0,0,0,1,1,0,0,0,3,862,0,486,1175
2018021221,8471214,15,1362,0,1,6,8,0,0,0,0,0,1,1,0,0,0,-2,1122,0,240,1176
2018021246,8471214,15,1080,0,0,5,4,0,0,0,0,0,1,1,0,0,1,0,960,0,120,1177
2018021265,8471214,15,1362,0,0,2,5,0,0,0,0,0,2,0,0,0,1,-2,1128,0,234,1178
2018030131,8471214,15,1106,1,0,2,6,1,0,0,0,0,1,0,0,0,1,0,739,0,367,1179
2018030132,8471214,15,1272,0,2,4,7,0,0,2,0,0,1,2,0,0,0,2,773,0,499,1180
2018030133,8471214,15,1002,0,0,5,2,0,0,5,0,0,0,0,0,0,0,-1,745,0,257,1181
2018030134,8471214,15,1293,1,0,2,3,1,0,0,0,0,0,2,0,0,1,-1,969,0,324,1182
2018030135,8471214,15,1085,1,2,2,11,1,0,0,0,0,1,1,0,0,2,2,799,0,286,1183
2018030136,8471214,15,1287,1,0,3,5,0,0,12,0,0,1,0,0,0,0,-2,1073,3,211,1184
2018030137,8471214,15,2116,0,1,4,4,0,0,0,0,0,1,1,0,0,1,-2,1778,0,338,1185
2019020002,8471214,15,1430,1,0,5,2,0,0,0,0,0,0,0,0,0,0,0,1113,0,317,1186
2019020014,8471214,15,1208,0,0,2,4,0,0,0,0,0,0,0,0,0,0,0,1081,0,127,1187
2019020023,8471214,15,1373,0,0,7,0,0,0,0,0,0,1,0,0,0,0,-1,730,0,643,1188
2019020039,8471214,15,1423,0,1,6,2,0,0,0,0,0,0,0,0,0,0,0,967,0,456,1189
2019020052,8471214,15,1185,2,0,2,2,2,0,0,0,0,1,0,0,0,0,-1,991,0,194,1190
2019020070,8471214,15,1031,1,0,2,1,0,0,0,0,0,0,0,0,0,3,0,794,6,231,1191
2019020083,8471214,15,1302,1,1,6,2,0,0,2,0,0,2,1,0,0,0,0,1127,0,175,1192
2019020093,8471214,15,1301,0,1,2,6,0,1,0,0,0,1,0,0,0,0,-1,951,0,350,1193
2019020109,8471214,15,1280,0,1,8,2,0,0,0,0,0,0,1,0,0,0,1,1014,0,266,1194
2019020126,8471214,15,1044,1,0,5,7,0,0,0,0,0,0,0,0,0,1,0,1036,0,8,1195
2019020142,8471214,15,1180,1,1,5,2,0,0,2,0,0,1,2,0,0,0,2,835,0,345,1196
2019020154,8471214,15,1359,2,0,9,2,1,0,2,0,0,2,1,0,0,0,-2,1178,0,181,1197
2019020160,8471214,15,1250,0,0,1,3,0,0,2,0,0,0,1,0,0,0,-2,1012,0,238,1198
2019020180,8471214,15,1553,2,2,10,0,1,1,2,0,0,2,0,0,0,0,1,801,0,752,1199
2019020198,8471214,15,1092,0,1,2,1,0,0,0,0,0,0,0,0,0,1,1,996,0,96,1200
2019020218,8471214,15,1155,0,0,4,3,0,0,0,0,0,0,2,0,0,1,-2,966,0,189,1201
2019020238,8471214,15,1213,2,1,8,2,1,0,0,0,0,0,2,0,0,0,1,864,0,349,1202
2019020258,8471214,15,1281,0,0,6,1,0,0,0,0,0,0,0,0,0,1,1,737,0,544,1203
2019020270,8471214,15,1531,0,1,7,1,0,0,0,0,0,0,1,0,0,0,0,1182,0,349,1204
2019020283,8471214,15,1476,0,0,2,5,0,0,0,0,0,0,0,0,0,2,0,1125,0,351,1205
2019020296,8471214,15,1142,1,0,6,1,1,0,0,0,0,0,1,0,0,0,-2,1061,0,81,1206
2019020303,8471214,15,1278,0,0,3,7,0,0,0,0,0,0,3,0,0,0,0,1040,4,234,1207
2019020316,8471214,15,959,1,0,3,1,1,0,0,0,0,0,1,0,0,0,0,939,0,20,1208
2019020332,8471214,15,1270,0,0,1,6,0,0,2,0,0,1,1,0,0,0,-2,954,0,316,1209
2019020348,8471214,15,1290,0,0,7,2,0,0,0,0,0,1,0,0,0,0,0,990,0,300,1210
2019020383,8471214,15,1248,1,0,5,0,0,0,0,1,1,1,0,0,0,0,0,1079,0,169,1211
2019020398,8471214,15,1257,1,0,7,6,1,0,2,0,0,1,1,0,0,1,-1,1121,0,136,1212
2019020406,8471214,15,1233,3,1,4,4,0,0,0,0,0,1,1,0,0,1,4,935,38,260,1213
2019020433,8471214,15,1210,0,0,5,3,0,0,0,0,0,0,0,0,0,0,0,874,0,336,1214
2019020437,8471214,15,1204,0,0,2,1,0,0,0,0,0,0,1,0,0,0,0,965,0,239,1215
2019020451,8471214,15,1093,0,0,5,2,0,0,0,0,0,0,2,0,0,0,-1,955,0,138,1216
2019020469,8471214,15,1222,1,1,6,9,0,0,0,0,0,0,0,0,0,1,0,952,0,270,1217
2019020484,8471214,15,1139,0,0,0,6,0,0,0,0,0,0,0,0,0,0,0,864,0,275,1218
2019020507,8471214,15,976,0,0,3,3,0,0,2,0,0,0,0,0,0,1,0,861,0,115,1219
2019020521,8471214,15,1491,0,0,9,1,0,0,0,0,0,0,1,0,0,0,-2,1044,0,447,1220
2019020549,8471214,15,1141,1,1,4,2,0,0,0,0,0,0,0,0,0,0,3,1021,0,120,1221
2019020558,8471214,15,1061,0,0,5,2,0,0,2,0,0,0,0,0,0,0,-1,733,0,328,1222
2019020571,8471214,15,1479,1,0,8,6,0,0,2,0,0,1,1,0,0,0,-3,919,0,560,1223
2019020585,8471214,15,1283,0,1,7,3,0,1,0,0,0,0,1,0,0,0,0,770,0,513,1224
2019020597,8471214,15,1219,1,0,4,5,1,0,0,0,0,3,1,0,0,1,-4,746,16,457,1225
2019020614,8471214,15,1138,0,1,3,1,0,0,0,0,0,1,1,0,0,0,-1,958,0,180,1226
2019020639,8471214,15,1114,0,1,1,2,0,1,2,0,0,0,2,0,0,1,-1,766,0,348,1227
2019020653,8471214,15,1060,0,0,3,1,0,0,0,0,0,1,0,0,0,0,0,842,0,218,1228
2019020667,8471214,15,1035,2,0,6,0,0,0,0,0,0,0,0,0,0,1,3,1035,0,0,1229
2019020676,8471214,15,1235,0,0,4,4,0,0,0,0,0,0,0,0,0,0,-2,703,4,528,1230
2019020696,8471214,15,1303,0,0,2,2,0,0,0,0,0,1,1,0,0,1,-2,996,0,307,1231
2019020712,8471214,15,1299,2,0,4,1,1,0,0,0,0,0,2,0,0,0,1,747,0,552,1232
2019020732,8471214,15,1075,3,0,5,0,1,0,0,0,0,1,1,0,0,0,0,695,0,380,1233
2019020743,8471214,15,1399,3,0,3,4,0,0,2,0,0,0,2,0,0,0,4,1018,2,379,1234
2019020776,8471214,15,1467,1,1,5,1,0,1,0,0,0,1,1,0,0,1,0,881,0,586,1235
2019020787,8471214,15,1380,2,0,11,0,1,0,0,0,0,0,0,0,0,0,0,885,0,495,1236
2019020806,8471214,15,1395,0,0,4,4,0,0,2,0,0,0,0,0,0,2,-2,1078,2,315,1237
2019020817,8471214,15,1091,3,0,5,1,0,0,0,0,0,0,1,0,0,0,3,1005,0,86,1238
2019020849,8471214,15,1315,0,0,2,4,0,0,0,0,0,2,1,0,0,0,0,928,0,387,1239
2019020862,8471214,15,1310,0,0,6,3,0,0,0,0,0,1,1,0,0,0,-4,1075,0,235,1240
2019020888,8471214,15,1548,0,0,7,3,0,0,0,0,0,0,1,0,0,0,0,1028,0,520,1241
2019020904,8471214,15,1432,0,0,8,1,0,0,0,0,0,0,1,0,0,0,-1,1087,0,345,1242
2019020918,8471214,15,1299,0,0,4,5,0,0,0,0,0,0,0,0,0,2,-1,990,0,309,1243
2019020935,8471214,15,1351,1,0,6,3,0,0,2,0,0,0,0,0,0,1,0,1231,0,120,1244
2019020948,8471214,15,1426,1,0,3,3,0,0,0,0,0,0,2,0,0,1,1,858,0,568,1245
2019020959,8471214,15,1140,0,0,1,5,0,0,2,0,0,0,0,0,0,0,-1,1020,0,120,1246
2019020973,8471214,15,1193,1,0,4,1,0,0,0,0,0,0,0,0,0,1,1,1073,0,120,1247
2019020992,8471214,15,1121,0,0,4,2,0,0,0,0,0,0,0,0,0,1,-1,859,0,262,1248
2019021014,8471214,15,1038,2,1,4,1,1,0,0,0,0,0,1,0,0,1,2,926,0,112,1249
2019021029,8471214,15,1238,0,0,2,3,0,0,0,0,0,0,1,0,0,0,-2,688,0,550,1250
2019021036,8471214,15,889,2,0,5,3,0,0,0,0,0,0,1,0,0,0,-1,672,0,217,1251
2019021050,8471214,15,994,0,0,0,7,0,0,0,0,0,0,0,0,0,1,1,874,0,120,1252
2019021066,8471214,15,1164,1,1,6,1,0,0,0,0,0,1,2,0,0,2,2,1046,0,118,1253
2019030002,8471214,15,1289,0,0,3,6,0,0,0,0,0,0,0,0,0,0,0,1018,0,271,1254
2019030004,8471214,15,1226,0,0,2,6,0,0,0,0,0,0,1,0,0,0,-1,838,0,388,1255
2019030005,8471214,15,1209,0,0,5,0,0,0,0,0,0,1,0,0,0,0,1,975,0,234,1256
2019030131,8471214,15,1479,0,0,6,6,0,0,0,0,0,0,3,0,0,2,-1,839,43,597,1257
2019030132,8471214,15,1333,2,0,6,4,0,0,0,0,0,0,0,0,0,1,1,1094,0,239,1258
2019030133,8471214,15,1301,0,1,1,7,0,1,0,0,0,0,1,0,0,1,0,1141,0,160,1259
2019030134,8471214,15,1111,2,0,4,3,1,0,2,0,0,0,2,0,0,2,2,839,0,272,1260
2019030135,8471214,15,1234,0,0,3,2,0,0,0,0,0,0,0,0,0,0,-3,1108,0,126,1261
